-- MySQL dump 10.13  Distrib 5.7.18, for Linux (x86_64)
--
-- Host: localhost    Database: wcs_quizz
-- ------------------------------------------------------
-- Server version	5.7.18-0ubuntu0.16.04.1

/*!40101 SET @OLD_CHARACTER_SET_CLIENT=@@CHARACTER_SET_CLIENT */;
/*!40101 SET @OLD_CHARACTER_SET_RESULTS=@@CHARACTER_SET_RESULTS */;
/*!40101 SET @OLD_COLLATION_CONNECTION=@@COLLATION_CONNECTION */;
/*!40101 SET NAMES utf8 */;
/*!40103 SET @OLD_TIME_ZONE=@@TIME_ZONE */;
/*!40103 SET TIME_ZONE='+00:00' */;
/*!40014 SET @OLD_UNIQUE_CHECKS=@@UNIQUE_CHECKS, UNIQUE_CHECKS=0 */;
/*!40014 SET @OLD_FOREIGN_KEY_CHECKS=@@FOREIGN_KEY_CHECKS, FOREIGN_KEY_CHECKS=0 */;
/*!40101 SET @OLD_SQL_MODE=@@SQL_MODE, SQL_MODE='NO_AUTO_VALUE_ON_ZERO' */;
/*!40111 SET @OLD_SQL_NOTES=@@SQL_NOTES, SQL_NOTES=0 */;

--
-- Table structure for table `categorie`
--

DROP TABLE IF EXISTS `categorie`;
/*!40101 SET @saved_cs_client     = @@character_set_client */;
/*!40101 SET character_set_client = utf8 */;
CREATE TABLE `categorie` (
  `id` int(11) NOT NULL AUTO_INCREMENT,
  `nom` varchar(255) COLLATE utf8_unicode_ci NOT NULL,
  PRIMARY KEY (`id`)
) ENGINE=InnoDB AUTO_INCREMENT=10 DEFAULT CHARSET=utf8 COLLATE=utf8_unicode_ci;
/*!40101 SET character_set_client = @saved_cs_client */;

--
-- Dumping data for table `categorie`
--

LOCK TABLES `categorie` WRITE;
/*!40000 ALTER TABLE `categorie` DISABLE KEYS */;
INSERT INTO `categorie` VALUES (1,'Animaux célèbres'),(2,'Fromages'),(3,'Game of Thrones'),(4,'Géographie'),(5,'Informatique'),(6,'Linux'),(7,'Pokemon'),(8,'Séries TV'),(9,'Ville de Nice');
/*!40000 ALTER TABLE `categorie` ENABLE KEYS */;
UNLOCK TABLES;

--
-- Table structure for table `historique`
--

DROP TABLE IF EXISTS `historique`;
/*!40101 SET @saved_cs_client     = @@character_set_client */;
/*!40101 SET character_set_client = utf8 */;
CREATE TABLE `historique` (
  `id` int(11) NOT NULL AUTO_INCREMENT,
  `niveau` int(11) NOT NULL,
  `points` int(11) NOT NULL,
  PRIMARY KEY (`id`)
) ENGINE=InnoDB DEFAULT CHARSET=utf8 COLLATE=utf8_unicode_ci;
/*!40101 SET character_set_client = @saved_cs_client */;

--
-- Dumping data for table `historique`
--

LOCK TABLES `historique` WRITE;
/*!40000 ALTER TABLE `historique` DISABLE KEYS */;
/*!40000 ALTER TABLE `historique` ENABLE KEYS */;
UNLOCK TABLES;

--
-- Table structure for table `question`
--

DROP TABLE IF EXISTS `question`;
/*!40101 SET @saved_cs_client     = @@character_set_client */;
/*!40101 SET character_set_client = utf8 */;
CREATE TABLE `question` (
  `id` int(11) NOT NULL AUTO_INCREMENT,
  `categorie_id_id` int(11) DEFAULT NULL,
  `niveau` int(11) NOT NULL,
  `validation` longtext COLLATE utf8_unicode_ci NOT NULL,
  `indice` varchar(255) COLLATE utf8_unicode_ci NOT NULL,
  `question` varchar(255) COLLATE utf8_unicode_ci NOT NULL,
  PRIMARY KEY (`id`),
  KEY `IDX_B6F7494E8A3C7387` (`categorie_id_id`),
  CONSTRAINT `FK_B6F7494E8A3C7387` FOREIGN KEY (`categorie_id_id`) REFERENCES `categorie` (`id`)
) ENGINE=InnoDB AUTO_INCREMENT=271 DEFAULT CHARSET=utf8 COLLATE=utf8_unicode_ci;
/*!40101 SET character_set_client = @saved_cs_client */;

--
-- Dumping data for table `question`
--

LOCK TABLES `question` WRITE;
/*!40000 ALTER TABLE `question` DISABLE KEYS */;
INSERT INTO `question` VALUES (1,1,1,'Un gland','À l\'occasion de la sortie de L\'Âge de glace 4, Scrat a eu son double de cire au Musée Grévin le 20 juin 2012.','Dans le film d\'animation L\'Âge de glace, qu\'est-ce qui échappe à l\'écureuil Scrat ?'),(2,1,1,'Willy','Si les deuxième et troisième films sont des suites du premier, le 4e n\'a aucun lien avec le reste et est en quelque sorte un reboot.','Comment se nomme l\'orque à sauver dans une saga cinématographique populaire ?'),(3,1,1,'Un requin','Les Dents de la mer est un film charnière qui a rétrospectivement été considéré comme le premier des blockbusters américains.','Dans le film Les Dents de la mer, quel animal provoque la terreur sur l\'île d\'Amity ?'),(4,1,1,'Dingo','À partir des années 1990, Dingo est devenu papa dans une série télévisée dans laquelle son fils se prénomme Max.','Quel personnage de Disney, ami de Mickey Mouse, est un chien anthropomorphe très maladroit ?'),(5,1,1,'Rox','Rox et Rouky est le dernier dessin animé de Disney commençant par un générique complet et finissant par « The End ».','Dans un film d\'animation de Disney, comment se nomme le renardeau ami d\'un chien de chasse ?'),(6,1,1,'Pluto','Dessiné par Norman Ferguson, Pluto est considéré comme l\'un des premiers personnages Disney à sortir du modèle standard.','Quel est le nom du chien de Mickey, apparenté à la race des Saint-Hubert ?'),(7,1,1,'Jerry','Malgré sa popularité très acclamée, les courts-métrages Tom et Jerry ont fait l\'objet de nombreuses controverses.','Dans le célèbre dessin animé, qui le chat Tom poursuit-il sans cesse ?'),(8,1,1,'Scooby-Doo','Une gamme Lego est sortie en 2015 avec six produits inspirés de différents épisodes et fi de Scooby-Do.','Quel chien peureux a pour compagnons Samy, Daphné, Véra et Fred ?'),(9,1,1,'Daffy Duck','Daffy Ducka « sévi » dans 126 dessins animés jusqu\'en 1968 au cinéma avant d\'en disparaître totalement.','Parmi ces personnages des Looney Tunes, lequel est un canard ?'),(10,1,1,'Un cochon','Babe eut l\'idée tout à fait farfelue de devenir chien de berger, ou plutôt « cochon de berger ».','Dans les deux films Babe, quel animal campe le personnage principal ?'),(11,1,2,'Un suricate','Le suricate est toujours là quand on a besoin de lui, mais il est très souvent ailleurs quand on est avec lui.','Dans le film Le Roi Lion, quel animal est Timon, le grand ami de Pumbaa ?'),(12,1,2,'Beethoven','Le chien fut baptisé Beethoven parce qu\'il a aboyé à la symphonie n°5 de Ludwig van Beethoven.','Quel nom de compositeur désigne aussi un saint-bernard héros de films ?'),(13,1,2,'Dalmatien','Le personnage de Cruella d\'Enfer fut en partie inspiré par Tallulah Bankhead, dont certaines excentricités furent reprises dans le film.','Des spécimens de quelle race de chiens intéressent tout particulièrement Cruella d\'Enfer ?'),(14,1,2,'Un éléphant','Un message d\'espoir est délivré par l\'histoire : « quand on fait de son mieux, on en retire quelque chose de bien à la fin ».','Dans un film d\'animation de Disney, quel animal est moqué pour ses grandes oreilles ?'),(15,1,2,'L\'Ingénu','Également surnommé Wagram en l\'honneur de la bataille du même nom, Napoléon l\'appréciait énormément.','Quel cheval de selle autrichien Napoléon Bonaparte a-t-il emporté avec lui sur l\'île d\'Elbe ?'),(16,1,2,'Hello Kitty','Selon le profil officiel de Hello Kitty, cette dernière se nomme Kitty White et est née à Londres, en Angleterre.','Quelle marque est représentée par un chat blanc généralement habillé de couleur rose ?'),(17,1,2,'Gromit','Tous les personnages sont en plasticine et les scènes sont animées image par image (stop motion).','Dans les films d\'animation en pâte à modeler, qui est le partenaire canin de Wallace ?'),(18,1,2,'Félix','Felix ne prend pas d\'accent, principalement en raison de l\'internationalisation des marques.','Comment s\'appelle le chat noir et blanc, héros d\'une pub pour de la nourriture pour chats ?'),(19,1,2,'Une fourmi','Woody le cow-boy héros du film d\'animation Toy Story est apparu dans le bêtisier du générique de fin.','Dans le film d\'animation de Pixar 1001 Pattes, quel insecte est Tilt, le personnage principal ?'),(20,1,2,'Lucky Luke','Rantanplan appartient à l\'administration pénitentiaire, et a pour maître, le gardien Pavlov (en référence au fameux réflexe).','Auprès de quel héros de BD le chien inefficace Rantanplan s\'est-il illustré ?'),(21,1,3,'Un renard','La réalisation de Robin des Bois sera marquée par la réutilisation d\'éléments d\'animation des précédentes productions Disney.','Dans la film d\'animation Robin des Bois, quel animal est Robin des Bois ?'),(22,1,3,'Un lapin','Zemeckis dira de Roger qu\'il a « un corps de chez Disney, une tête de chez Warner et une attitude à la Tex Avery ».','De quel animal prénommé Roger veut-on « la peau » dans un film d\'animation ?'),(23,1,3,'Belle','Belle et Sébastien a fait l\'objet d\'une adaptation en feuilleton télévisé, d\'une série d\'animation japonaise et de deux films.','Dans le roman de Cécile Aubry, quelle chienne Sébastien recueille-t-il dans son village ?'),(24,1,3,'Franklin','Dans chaque épisode, Franklin a un dilemme qu\'il résout toujours à la fin, permettant aux enfants de s\'identifier au personnage.','Quelle tortue sait « compter deux par deux et lacer ses chaussures » ?'),(25,1,3,'Buddy','Les parents Clinton ont adopté un labrador nommé Buddy en hommage à l\'oncle de Bill qui vient de décéder.','Quel chien est devenu le rival du chat Socks en tant qu\'animal de compagnie de la famille Clinton ?'),(26,1,3,'Nana','Peter Pan est un personnage créé par l\'auteur écossais J. M. Barrie, apparu pour la première fois en 1902.','Dans Peter Pan, comment se nomme la chienne de Wendy, John et Michael ?'),(27,1,3,'Lil Bub','La célèbre chatte est apparue dans un spot de l\'ONG Greenpeace à l\'occasion de la Journée internationale des tigres.','Quel célèbre chat a une langue qui pend en permanence suite à une malformation ?'),(28,1,3,'Chipeur','Par ce biais de ce méchant renard voleur, la série tente de faire distinguer aux enfants le bien du mal.','Dans le dessin animé Dora l\'exploratrice, comment s\'appelle le renard voleur ?'),(29,1,3,'Edmond','Le style de cette série à l\'humour cru et hilarant se situe entre l\'underground américain et la tradition animalière française.','Quel cochon Martin Veyron et Jean-Marc Rochette ont-ils inventé pour une BD humoristique ?'),(30,1,3,'Oberhausen','Paul était renommé pour le spectacle de ses prédictions du résultat des matchs de léquipe d\'Allemagne de football.','Dans l\'aquarium de quelle ville allemande Paul le poulpe a-t-il eu son heure de gloire ?'),(31,2,1,'Belle des Champs','Ce fromage à pâte molle et à croûte fleurie, de forme cylindrique, pèse environ deux kilogrammes.','Quel fromage français a été représenté par une jeune fille blonde avec des nattes ?'),(32,2,1,'Babybel','La version classique de ce fromage est composée de lait de vache (98%), de sel, de ferments lactiques et de coagulant.','Quel fromage industriel est généralement enrobé de paraffine teinte en rouge ?'),(33,2,1,'Boursin','On ajoute aux laits de vache mélangés et pasteurisés de la crème et un mélange d\'ail et de fines herbes.','Quel fromage est enveloppé dans un papier en aluminium gaufré ?'),(34,2,1,'Le brie','Son nom vient de la région de la Brie et de la commune de Meaux en France.','Quel fromage est réputé dans la commune de Meaux en France ?'),(35,2,1,'Le comté','Avec une production de 60 000 tonnes par an, il faut environ 450 litres de lait pour produire une meule de comté.','Quel fromage français est principalement produit en Franche-Comté ?'),(36,2,1,'Emmental','Ce fromage suisse à pâte dure doit son nom à la vallée de l\'Emme, une région à l\'est du canton de Berne.','Quel est le premier fromage le plus consommé en France ?'),(37,2,1,'Le gruyère','Le gruyère fait partie de la même famille que le comté, qui s\'appelait à l\'origine « gruyère de comté ».','La pâte de quel fromage français doit avoir des trous de par son appellation ?'),(38,2,1,'Le maroilles','Le film expose ainsi la pratique habituelle qu\'auraient les habitants de tremper du maroilles dans leur café.','Quel fromage a connu son heure de gloire suite à un film de Dany Boon ?'),(39,2,1,'Le petit-suisse ','Le petit-suisse sert également à farcir les viandes (volaille) ou à les recouvrir (lapin).','Quel fromage est présenté sous forme de cylindre de 5 cm de haut ?'),(40,2,1,'Le Bergues','La plus ancienne trace de ce fromage se trouve dans les archives communales de Bergues Saint Winoc dès 1554.','Quel fromage français est fabriqué dans quelques fermes aux alentours de Bergue ?'),(41,2,2,'Le beaufort','Le beaufort, bénéficiant d\'une appellation d\'origine protégée, est moulé en forme de meule à talon légèrement concave.','Quel fromage français a été surnommé le « Prince des gruyères » par Brillat-Savarin ?'),(42,2,2,'Époisses','L\'époisses est également vendu à la coupe par les fromagers et les maraîchers.','Lequel de ces fromages français est commercialisé dans une boîte en bois ?'),(43,2,2,'La Mimolette vieille','Sa période de dégustation jugée optimale s\'étale d\'avril à septembre après un affinage de 12 à 18 mois.','Quel fromage français est aussi appelé « boule de Lille » de par sa forme ?'),(44,2,2,'Reblochon','La tradition veut que les fermiers du massif fissent une première traite pour le propriétaire.','Quel fromage doit son nom à un terme savoyard qui signifie « traire une deuxième fois » ?'),(45,2,2,'Le roquefort','De réputation internationale, le roquefort est associé à l\'excellence de l\'agriculture française et à sa gastronomie.','Quel fromage à pâte persillée est élaboré avec des laits crus de brebis ?'),(46,2,2,'Saint-nectaire','Fromage paysan, fabriqué bien souvent par les femmes, le saint-nectaire fut appelé jusqu\'au XVIIe siècle « fromage de seigle ».','Quel fromage à la pâte onctueuse doit sa renommée à son goût de noisette ?'),(47,2,2,'Le dauphin','Aujourd\'hui, les agriculteurs emploient majoritairement des formes carrées, rectangulaires ou en losange pour des raisons de coûts.','Quel fromage affilié au maroilles a un nom de mammifère ?'),(48,2,2,'Le figou','Ce fromage fondant, au goût très frais et acidulé, ne possède toutefois pas de label.','Quel fromage possède un cur sucré et fruité dû à sa garniture de figues ?'),(49,2,2,'Le saint-marcellin','Ce petit fromage à base de lait de vache est réalisé avec le lait provenant de 274 communes.','Quel fromage français du Dauphiné est un proche cousin du saint-félicien ?'),(50,2,2,'La tomme de Savoie','La tomme de Savoie fur à l\'origine élaborée par les familles paysannes pour leur subsistance.','Quel est sans doute le plus ancien des fromages de Savoie ?'),(51,2,3,'Beaufort','Autrefois, le beaufort représentait une production importante, mais il a payé un lourd tribut à l\'exode rural et à son coût de production.','Quel fromage français est moulé en forme de meule à talon légèrement concave ?'),(52,2,3,'Brillat-savarin','Le brillat-savarin est un fromage triple-crème, doux au palais, qui se mange jeune et bien frais.','Quel fromage triple-crème est produit dans les régions de Normandie et de Bourgogne ?'),(53,2,3,'Le coulommiers','En gastronomie, le coulommiers est utilisé pour la préparation de la « crème de Coulommiers ».','Quel fromage français actuel est parfois aussi appelé « brie petit moule » ?'),(54,2,3,'Le livarot','Ces bandes, qui servaient à la bonne tenue du fromage lors de l\'affinage, sont à l\'origine du surnom de « colonel » du fromage.','Quel fromage est cerclé de trois à cinq bandelettes séchées et découpées ?'),(55,2,3,'Le morbier','Morbier est une appellation d\'origine désignant un fromage de lait cru de vache, fabriqué dans le massif du Jura en France.','Quel fromage français possède une fine couche de cendre à la saveur douce et fruitée ?'),(56,2,3,'Le laguiole','Le laguiole a failli disparaître au milieu du XXe siècle, du fait des prix de revient élevés de ses méthodes de fabrication.','Quel fromage français utilise le taureau comme logotype ?'),(57,2,3,'400','Le cantal est protégé par une appellation d\'origine contrôlée en France et par une AOP au niveau européen.','Combien de litres de lait sont nécessaires pour confectionner une meule de cantal ?'),(58,2,3,'Le munster','La recette du munster a été laissée aux Vosgiens au IXe siècle par un moine irlandais de passage.','Quel fromage de lait de vache se nomme « géromé » en Lorraine ?'),(59,2,3,'Le barousse','Le barousse est une pâte à trous qui pendant les deux premières semaines est lavé, essuyé et retourné tous les jours.','Quel fromage présente une ligne orange en-dessous de sa pâte de couleur ivoire ?'),(60,2,3,'Le Curé nantais','Sa recette aurait été transmise au XIXe siècle à Saint-Julien-de-Concelles dans le vignoble nantais par un curé de passage.','Quel fromage a une pâte qui révèle une saveur de lard fumé et un final épicé ?'),(61,3,1,'Un lion','La maison Lannister, la plus riche des Sept Couronnes, est la maison suzeraine des Terres de l\'Ouest et a son siège à Castral Roc.','Dans Game of Thrones, quel animal apparaît sur le blason de la maison Lannister ?'),(62,3,1,'Daenerys','Daenerys est la fille légitime du roi Aerys II Targaryen et de la reine Rhaella Targaryen.','Comment se prénomme la jeune fille timide aux cheveux d\'argent de la série Game of Thrones ?'),(63,3,1,'7','Le Mur sépare le royaume des Sept Couronnes des terres glacées et sauvages situées au-delà.','Combien de couronnes composent le royaume de Game of Thrones ?'),(64,3,1,'Daenerys Targaryen','Ses dragons ont grandi avec la jeune femme au point qu\'elle peut presque les monter.','Qui est la mère des dragons dans la série télévisée Game of Thrones ?'),(65,3,1,'Décapité','Eddard Stark est un homme profondément juste et noble, mais également dur et austère.','Comment Ned Stark est-il mort dans la série télévisée Game of Thrones ?'),(66,3,1,'Le Mur','La Garde de Nuit est un ordre militaire exclusivement masculin stationné sur le Mur, formidable édifice de glace.','Que protège la Garde de Nuit dans la série télévisée Game of Thrones ?'),(67,3,1,'Winterfell','Winterfell a été construit par Brandon Stark « le Bâtisseur », l\'un des premiers rois du Nord.','Où habitent les Stark dans la série Game of Thrones ?'),(68,3,1,'Reine','Femme très ambitieuse et réputée pour sa beauté, elle supporte mal les restrictions.','Quel est le titre de Cersei Lannister dans les premières saisons de Game of Thrones ?'),(69,3,1,'Sansa','Malgré cela, Joffrey humilie et fait battre Sansa à plusieurs reprises pour son propre amusement.','Qui est la promise du roi Joffrey Baratheon dans la saga Game of Thrones ?'),(70,3,1,'Bran','Il ne faut confondre Bran avec le frère décédé de lord Eddard Stark en l\'honneur duquel il a été prénommé.','Quel personnage de Game of Thrones a été jeté dans le vide par Jaime Lannister ?'),(71,3,2,'Le Donjon Rouge','Les constructeurs et architectes de la forteresse furent mis à mort afin d\'en préserver les secrets.','Quelle puissante forteresse se dresse sur une colline de Port-Réal dans Game of Thrones ?'),(72,3,2,'Tyrion Lannister','Peter Dinklage est aussi l\'antagoniste principal, Bolivar Trask, dans X-Men: Days of Future Past.','Depuis 2011, pour quel rôle Peter Dinklage est-il principalement connu ?'),(73,3,2,'Le limier / Le chien','Au début de la saga, Sandor Clegane est le garde du corps du prince Joffrey Baratheon.','Comment est surnommé Sandor Clegane dans la série Game of Thrones ?'),(74,3,2,'Dent-de-Lion','Âgé de 12 ans au début de la saga, il est, sous des manières policées, cruel et vaniteux.','Comment le prince Joffrey a-t-il baptisé son épée dans Game of Thrones ?'),(75,3,2,'Châteaunoir','La Garde de Nuit est chargée de la défense de la frontière Nord des Sept Couronnes, et en particulier du Mur.','Dans Game of Thrones, quel est le principal château du Mur depuis l\'abandon de Fort Nox ?'),(76,3,2,'Une corneille','Brandon est un enfant de sept ans, au début de la saga, qui rêve de devenir un jour un grand chevalier et d\'intégrer la Garde Royale.','Dans Game of Thrones, pendant son coma, quel animal chuchote à Bran de voler ?'),(77,3,2,'Noire','L\'acier des mailles et des armures de cette organisation militaire est lui aussi noirci.','Quelle est la couleur des vêtements des hommes de la Garde de Nuit dans Game of Thrones ?'),(78,3,2,'Olenna Tyrell','Olenna Tyrell, née Olenna Redwyne, est surnommée la Reine des Épines en raison de son caractère des plus piquants.','Qui est surnommée la « Reine des Épines » dans la série Game of Thrones ?'),(79,3,2,'10 000','Dans Game of Thrones, le commerce des Immaculés est réservé aux huit familles les plus riches de la ville.','Combien d\'Immaculés Daenerys décide-t-elle d\'acheter dans Game of Thrones ?'),(80,3,2,'Son cheval','Le cheval est leur principale divinité, mais la Lune et le Soleil font également partie de leur panthéon.','À quoi reconnaît-on la force d\'un Dothraki dans la saga Game of Thrones ?'),(81,3,3,'Premier Patrouilleur','Le visage aux traits ravinés et burinés de Benjen Stark contraste avec son regard gris-bleu rieur.','Quel titre possède Benjen Stark, l\'oncle de Jon Snow dans la série Game of Thrones ?'),(82,3,3,'Aiguille','Aiguille est une épée de spadassin en acier château à la lame bleue-noire forgée par Mikken le forgeron de Winterfell.','Quelle épée Jon offre-t-il à Arya dans la série télévisée Game of Thrones ?'),(83,3,3,'Été','Une pâte de germe de Barral a donné à Bran la capacité de se glisser et de voir à travers les yeux des arbres.','Comment se nomme le loup de Bran, fils cadet de Catelyn dans Game of Thrones ?'),(84,3,3,'Richard Karstark','Le mutisme de Lord Rickard Karstark est souvent synonyme de grande défiance et de colère contenue.','Dans Game of Thrones, qui assassine Willem Lannister et Tion Frey dans leur cachot ?'),(85,3,3,'Nymeria','Arya est une jeune fille d\'une dizaine d\'années qui préfère l\'escrime et l\'équitation à la couture.','Quel loup-garou surgit pour défendre Arya dans la saison 4 de Game of Thrones ?'),(86,3,3,'Doreah','Roxanne McKee est l\'actrice britannique incarnant le personnage de Doreah dans Game of Thrones.','Quelle servante apprend à Daenerys l\'art féminin de l\'amour dans la série Game of Thrones ?'),(87,3,3,'Sandor Clegane','Né en l\'an 285, Mycah est un garçon boucher, compagnon de jeu d\'Arya Stark.','Dans Game of Thrones, qui retrouve Mycah et le tue en le tranchant quasiment en deux ?'),(88,3,3,'Un sauvageon','Vivant au-delà du Mur, il lui manque une oreille et sa dentition est pourrie.','Qui est Craster dans la saga Game of Thrones ?'),(89,3,3,'Ollo le Manchot','Jeor Mormont, surnommé le « Vieil Ours », est le Lord Commandant des combattants ayant juré de défendre le Mur.','Qui tue Lord Jeor Mormont lors d\'une mutinerie dans la série Game of Thrones ?'),(90,3,3,'Thoros de Myr','Béric Dondarrion est décrit comme un jeune homme séduisant et frivole, aux cheveux roux dorés.','Dans Game of Thrones, qui ramène à chaque fois à la vie Béric Dondarrion grâce à la magie ?'),(91,4,1,'Océan Atlantique','La démesure de l\'Amazone s\'apprécie aussi en constatant qu\'aucun pont ni barrage ne le franchit sur des milliers de kilomètres.','Dans quel océan se déverse l\'Amazone, de loin le plus élevé de tous les fleuves de la planète ?'),(92,4,1,'En Australie','Sa population est principalement concentrée dans les grandes villes côtières de Sydney, Melbourne, Brisbane, Perth et Adélaïde.','Où peut-on se rendre en même temps dans la plus grande île et le plus petit continent du monde ?'),(93,4,1,'Pékin','La place doit notamment sa célébrité aux nombreux événements qui s\'y sont déroulés dans l\'histoire chinoise.','Dans quelle ville est la place Tian\'anmen, au sud de la porte de la Paix céleste ?'),(94,4,1,'Luxembourg','Après avoir été surnommée « la Gibraltar du Nord » en raison de sa forteresse, elle est dite aujourd\'hui le « Cur vert de l\'Europe ».','Quelle est la plus grande ville du Grand-Duché de Luxembourg ainsi que sa capitale ?'),(95,4,1,'La Suisse','Le lac Majeur est célèbre par ses sites touristiques comme les îles Borromées et les îles de Brissago.','Quel pays sans côte océanique partage en toute tranquillité le lac Majeur avec l\'Italie ?'),(96,4,1,'En Turquie','Certains vestiges hittites découverts dans la citadelle attestent la présence d\'une cité (Ankuva) du temps de l\'Empire hittite.','Où se trouve Ankara, ville nouvelle aux origines pourtant très anciennes ?'),(97,4,1,'Cancer','Taïwan fut officiellement gouverné par la Chine de 1683 à 1895, puis cédé au Japon, par le traité de Shimonoseki (1895).','Sur quel tropique se trouve Taiwan, en forme longue la République de Chine ?'),(98,4,1,'La Suisse','La Suisse est un pays sans côte océanique, mais dispose d\'un accès direct à la mer par le Rhin (Convention de Mannheim).','Quel est le pays entouré par le Lichtenstein, l\'Italie, l\'Autriche, l\'Allemagne et la France ?'),(99,4,1,'En Roumanie','Écrit à la fin du XIXe siècle, Dracula est un roman épistolaire dont le personnage principal est un vampire.','Si vous partez à la recherche du compte Dragul, en Transylvanie, dans quel pays allez-vous ?'),(100,4,1,'Tropique du Cancer','Le tropique du Cancer porte ce nom car, il y a environ 2000 ans, le Soleil entrait dans la constellation du Cancer lors du solstice de juin.','Quel tropique indiqué sur les cartes terrestres passe entre la Floride et Cuba ?'),(101,4,2,'Les Philippines','Un peu plus de 2 000 seulement sont habitées, alors qu\'environ 2 400 îles n\'ont même pas encore reçu de nom.','Quel archipel du Pacifique est constitué de plus de 7 100 îles et îlots formant un état ?'),(102,4,2,'Le Danube','En suivant le Danube qui forme alors la frontière entre la Hongrie et la Slovaquie, la première ville importante rencontrée est Gyor.','Quel fleuve et importante voie fluviale bleuit normalement la capitale de la Hongrie ?'),(103,4,2,'La mer Rouge','Il arrive que ses eaux soient peuplées d\'algues qui, lorsqu\'elles meurent, donnent à l\'eau une couleur rougeâtre.','Quelle mer du bassin Indo-Pacifique est rattachée à la Méditerranée par le canal de Suez ?'),(104,4,2,'Aux États-Unis','Les Appalaches séparent la plaine côtière atlantique (à l\'est) du bassin du fleuve Mississippi et des Grands Lacs (à l\'ouest).','Sachant que les Apennins se trouvent en Italie, où sont principalement situées les Appalaches ?'),(105,4,2,'Le Niger','Le fleuve Niger fait partie de ces fleuves (tout comme le Sénégal) qui ont été fortement aménagés depuis les années 1980.','Quel fleuve fleuve d\'Afrique occidentale, portant le nom d\'un pays, borde le Sahel ?'),(106,4,2,'La Yougoslavie','Géographiquement, Trieste est considérée comme la « dernière ville du Nord-Est » de l\'Italie, ou comme la « ville de l\'extrême Sud ».','Vers quel pays allez-vous si vous quittez la ville italienne de Trieste vers l\'Est ?'),(107,4,2,'Toronto','Fort York fut construit à l\'entrée du port naturel de la ville, abrité par un long banc de sable en forme de péninsule.','Comment s\'appelle le port canadien sur le lac Ontario connu jadis sous le nom de « Fort York » ?'),(108,4,2,'Floride','Les Amérindiens Calusa furent les premiers habitants de ces marais subtropicaux qu\'ils baptisèrent Pa-hay-okee ou « eaux herbeuses ».','Dans quel État des États-Unis pourrez-vous partir dans les Everglades à la rencontre des Séminoles ?'),(109,4,2,'La mer Morte','Alors que la salinité moyenne de leau de mer oscille entre 2 et 4 %, celle de la mer Morte est dapproximativement 27,5 %.','Quelle mer immobile dépourvue de tout poisson et algue est partagée entre la Jordanie et Israël ?'),(110,4,2,'En Yougoslavie','De son ancien nom français Raguse, Dubrovnik a pour devise : « La liberté ne se vend pas même pour tout l\'or du monde ».','Où est Dubrovnik, où les habitants ainsi que ce qui s\'y rapporte s\'appellent des ragusains ?'),(111,4,3,'Guernesey','Victor Hugo a séjourné à Guernesey et y a écrit Les Misérables en 1862 et Les Travailleurs de la mer en 1866.','Sur quelle île à 120 km du sud de l\'Angleterre se trouvent Bordeaux, Grand Havre et Port Soif ?'),(112,4,3,'En Birmanie','Capitale royale entre 1860 et 1885, Mandalay était alors surnommée la « cité des joyaux », pour son jade réputé.','Dans quel pays peut-on par exemple passer une nuit à Mandalay et la suivante à Rangoon ?'),(113,4,3,'Le Minnesota','Le mot Minnesota vient de « mnisota », nom donné au fleuve Minnesota par les Dakotas, tribu Sioux.','Dans quel État du Midwest des États-Unis se trouvent Mineapolis et sa jumelle St Paul ?'),(114,4,3,'Baïkal','Irkoutsk se trouve dans une région de collines couvertes de taïga, paysage typique de la Sibérie orientale.','Vers quel lac, situé à 66 kilomètres à l\'ouest, la ville d\'Irkoutsk plonge-t-elle son regard ?'),(115,4,3,'Karachi','Karachi est l\'une des villes les plus peuplées au monde et la plus peuplée du monde musulman.','Quelle grande ville trouve-t-on sur la mer d\'Oman, près de l\'embouchure de l\'Indus ?'),(116,4,3,'Islamabad','Devenue en 1967 la capitale du pays, au détriment de Karachi, Islamabad en constitue le cur administratif et politique.','Quelle capitale pakistanaise, située au nord du pays, jouxte la ville de Rawalpindi ?'),(117,4,3,'New York','Si la ville de New York se trouve dans l\'État de New York, sa principale agglomération se trouve dans les États voisins.','Dans quel État américain du Nord-Est du pays se trouvent Rome, Syracuse et Albany ?'),(118,4,3,'La Malaisie','Arrachée à la jungle dans les années 1850, la ville doit sa naissance et sa fortune aux abondants gisements d\'étain.','De quel pays situé à environ 200 km au nord de l\'équateur Kuala Lumpur est la capitale ?'),(119,4,3,'Douze','Bien quentourée de mers et de deux océans, la Russie est caractérisée par un climat continental aux milieux froids et hostiles.','Combien sont les mers qui baignent la Russie, le plus vaste pays de notre planète ?'),(120,4,3,'Luçon','La quasi-totalité de la ville se trouve sur un sol alluvionnaire déplacé par la rivière Pasig et gagné sur la baie de Manille.','Sur quelle île se trouve Manille, la deuxième ville la plus peuplée des Philippines après Quezon ?'),(121,5,1,'Word','Microsoft publie plusieurs logiciels de traitement de texte, mais Word en reste la « vedette ».','Quel logiciel de traitement de texte a été mis au point par Microsoft ?'),(122,5,1,'Tableur','Excel a été critiqué pour ses problèmes de précision sur calculs à virgule flottante.','Le logiciel Excel extrait de la suite bureautique Microsoft Office est un...'),(123,5,1,'Un bug','La gravité du dysfonctionnement informatique peut aller de bénigne à majeure.','En informatique, comment appelle-t-on une erreur de programmation encore non localisée ?'),(124,5,1,'Windows 8','La version Windows 8.1 est une mise à jour gratuite de Windows 8 disponible depuis 2013. ','Quelle version de Windows Microsoft a-t-il lancé le vendredi 26 octobre 2012 ?'),(125,5,1,'PAO','La PAO consiste à créer des documents imprimés en travaillant la composition et la typographie de documents.','Comment est communément abrégée la publication assistée par ordinateur ?'),(126,5,1,'iTunes','iTunes faisait partie de la suite logicielle d\'Apple iLife jusqu\'à la version \'06.','Quelle application informatique de la société Apple permet de gérer facilement un iPod ?'),(127,5,1,'Un tableur','Une feuille de calcul est une table d\'informations la plupart du temps financières.','En informatique, quel logiciel permet de créer des calculs automatiques ?'),(128,5,1,'Un hacker','Certains utilisent ce savoir-faire dans un cadre légal, d\'autres étant hors-la-loi.','Quel pirate informatique casse les systèmes informatique et les logiciels protégés ?'),(129,5,1,'Des navigateurs','Le premier navigateur stable et largement diffusé fut NCSA Mosaic, en 1993.','Quels logiciels installés sur PC, tablette ou smartphone, permettent de « surfer » sur Internet ?'),(130,5,1,'Google Agenda','Google Agenda permet de partager des événements et des agendas et de les publier sur internet ou sur un site Web.','Quel outil développé par le géant Google permet de gérer son emploi du temps ?'),(131,5,2,'Microsoft','Skype est un logiciel gratuit qui permet de passer des appels téléphoniques et vidéo via Internet, ainsi que le partage d\'écran.','Quelle grande société a reçu le feu vert en 2011 pour le rachat de Skype ?'),(132,5,2,'Linux','Linux est un système informatique qui fonctionne sur du matériel allant du téléphone portable au supercalculateur.','Quel est probablement le plus connu des systèmes informatiques dits « libre » ?'),(133,5,2,'Google Apps','Ce site Web au service des entreprises met en ligne de nombreuses applications.','Quelle est le nom de la solution professionnelle de services Google ?'),(134,5,2,'Un freeware','Il ne faut toutefois pas confondre freeware (gratuiciel) et shareware (partagiciel).','Quel logiciel est mis gratuitement et librement à disposition par son créateur ?'),(135,5,2,'Instagram','Instagram est une application cofondée et lancée par l\'américain Kevin Systrom et le Brésilien Michel Mike Krieger en octobre 2010.','En avril 2012, quelle start-up Facebook a-t-il racheté pour un milliard de dollars ?'),(136,5,2,'Courriel','Le courriel tend à être reconnu comme moyen valide de contacter une personne.','Au Québec, quel mot est souvent utilisé pour désigner le courrier électronique ?'),(137,5,2,'Skype','Skype a été fondé en Estonie par Niklas Zennström et Janus Friis en 2003 et développé par 3 Estoniens à l\'origine du logiciel KaZaA.','Quel logiciel de Microsoft a remplacé Windows Live Messenger en 2013 ?'),(138,5,2,'Internet Explorer','La version 11 du navigateur sera toujours présente dans Windows 10 avant le passage progressif à Microsoft Edge.','Quel nom portait le navigateur Internet de Microsoft, devenu aujourd\'hui Microsoft Edge ?'),(139,5,2,'Un antivirus','Les antivirus peuvent balayer le contenu d\'un disque dur, mais également la mémoire vive de l\'ordinateur.','Quel logiciel est indispensable pour protéger votre ordinateur sur Internet ?'),(140,5,2,'Benoît XVI','Réputé conservateur, le cardinal Ratzinger a été élu le 19 avril 2005 pour succéder à Jean-Paul II.','Qui est le tout premier pape à avoir envoyé un message sur Twitter ?'),(141,5,3,'Thunderbird','Tout comme Firefox, Thunderbird et son interface en XUL est basé sur le moteur Gecko.','Quel courrielleur créé par Mozilla est le compagnon idéal du navigateur Firefox ?'),(142,5,3,'Office 365','Les abonnements Office 365 pour les particuliers permettent de bénéficier de la version complète de la suite Office que l\'on connaît.','Quel nom porte la suite bureautique en ligne proposée par Microsoft ?'),(143,5,3,'Janus','La version 3 a été la première à connaître un large succès, permettant à Microsoft de rivaliser avec l\'Apple Macintosh.','Quel était le nom de code de la version 3.1 de Windows ?'),(144,5,3,'Onedrive','Ce service en ligne de stockage et d\'applications, créé en 2007, est une manifestation du concept de cloud computing.','Quel nom porte le service de stockage en ligne de Windows Live ?'),(145,5,3,'Pidgin','Gaim a été renommé en Pidgin en 2007 en raison de plaintes de la société AOL.','Quel est le nouveau nom du logiciel gratuit de messagerie instantanée Gaim ?'),(146,5,3,'Google Documents','Google Documents est une suite des évolutions de Google Spreadsheets et de Writely, logiciel de traitement de texte.','Quelle suite logicielle équivaut à Microsoft Office chez le géant Google ?'),(147,5,3,'Norvège','Opera est un navigateur Web développé par la société norvégienne Opera Software, qui propose plusieurs logiciels relatifs à Internet.','De quel pays la suite logicielle gratuite Opera est-elle originaire ?'),(148,5,3,'Acrobat Reader','Adobe change régulièrement le nom des produits de la famille Acrobat et cela en subdivisant ses produits.','Lequel de ces outils ne permet pas de visionner des pages web ?'),(149,5,3,'35 milliards','Depuis la mise à jour du système d\'exploitation d\'Apple iOS 7 en septembre 2013, l\'App Store possède un tout nouveau design.','Combien de téléchargements dénombrait-on sur le célèbre App Store fin 2012 ?'),(150,5,3,'Le 23 mars 2001','Plusieurs moyens de consulter l\'encyclopédie existent, tels que des sites web miroirs ou des applications pour smartphone.','Quelle est la date « officielle » de création de Wikipédia en Français ?'),(151,6,1,'Linus Torvalds','Linus a découvert l\'informatique vers l\'âge de 11 ans grâce à l\'ordinateur de son grand-père, un Commodore VIC-20.','Quel programmeur a créé et continue de diriger le développement du noyau de Linux ?'),(152,6,1,'Il est libre','Linux est le nom couramment donné à tout système d\'exploitation libre fonctionnant avec le noyau Linux.','Quel est le principal atout de Linux, développé et maintenu par Linus Torvalds ?'),(153,6,1,'Un manchot','Dessiné en 1996, son usage est libre et se retrouve dans de très nombreux projets et logotypes liés à Linux.','Quel animal représentant Linux est aussi la mascotte de l\'université d\'Helsinki ?'),(154,6,1,'Rm','De par la filiation avec UNIX, la ligne de commande est toujours disponible dans GNU/Linux, quelle que soit la distribution.','Quelle commande Linux, basée sur la commande UNIX, utilise-t-on pour effacer un fichier ?'),(155,6,1,'Red Hat','Red Hat est l\'une des entreprises dédiées aux logiciels Open Source les plus importantes et les plus reconnues.','Laquelle de ces propositions désigne une distribution Linux fondée en 1993 ?'),(156,6,1,'Android','En 2015, Android est le système d\'exploitation le plus utilisé dans le monde avec plus de 80 % de parts de marché.','Quel système d\'exploitation mobile majeur de l\'industrie actuelle s\'appuie sur un noyau Linux ?'),(157,6,1,'Une distribution','Il existe une très grande variété de distributions, ayant chacune des objectifs et une philosophie particulière.','Sous Linux, comment appelle-t-on les logiciels assemblés autour du noyau ?'),(158,6,1,'Apache','Depuis avril 1996, selon l\'étude permanente de Netcraft, Apache est devenu le serveur HTTP le plus répandu sur Internet.','Quel serveur web présent sous Linux est aussi présent sur les serveurs du monde entier ?'),(159,6,1,'Tux','Le dessin du personnage a été choisi à l\'issue d\'un concours organisé en 1996 remporté par Larry Ewing.','Quel est le nom de la mascotte de Linux, connue de tous les passionnés du système d\'exploitation ?'),(160,6,1,'Cat','La différence essentielle de Linux par rapport à d\'autres systèmes d\'exploitation concurrents est d\'être un système d\'exploitation libre.','Parmi ces commandes Linux, laquelle affiche à l\'écran le contenu d\'un fichier texte ?'),(161,6,2,'1991','En 1991, les compatibles PC dominent le marché des ordinateurs personnels et fonctionnent généralement sous MS-DOS ou Windows.','En quelle année Linus Torvalds a-t-il livré la première version du noyau Linux ?'),(162,6,2,'Ubuntu','Le nom de la distribution provient d\'un ancien mot bantou qui signifie « Je suis ce que je suis grâce à ce que nous sommes tous ».','Quel ancien mot bantou désigne une célèbre distribution Linux ?'),(163,6,2,'Konqueror','Konqueror peut également afficher le contenu d\'un serveur FTP, permettre de parcourir le réseau local et de visualiser des fichiers.','Quel navigateur web et gestionnaire de fichiers est utilisé par défaut pour KDE ?'),(164,6,2,'Mandriva','Ciblant à la fois le grand public et les professionnels, cette distribution GNU/Linux est construite autour de KDE.','Quel nom porte la distribution française de Linux, une des plus simples à installer et à utiliser ?'),(165,6,2,'.deb','Par défaut, Ubuntu est installé avec une pluralité de logiciels libres tels que LibreOffice, Firefox, Thunderbird et Transmission.','Quel type de fichiers est pris en compte par le gestionnaires de paquets intégré à Ubuntu ?'),(166,6,2,'Useradd','Grâce à sa ligne de commande, scientifiques, ingénieurs et développeurs comptent parmi ses plus fréquents utilisateurs.','Sous Linux, quelle commande est utilisée pour créer un compte utilisateur ?'),(167,6,2,'GNU','GNU est un projet de système d\'exploitation libre lancé en 1983 par Richard Stallman, puis maintenu par le projet GNU.','De quel projet sont tirés les outils gravitant autour de Linux ?'),(168,6,2,'Debian','Ancien développeur Debian, Mark Shuttleworth souhaitait une version plus facile d\'accès pour les novices.','De quelle distribution Linux est dérivé le système d\'exploitation Ubuntu ?'),(169,6,2,'Slackware','Slackware est une distribution Linux qui, à la différence d\'autres distributions, a longtemps été maintenue par une seule personne.','Quelle est la plus ancienne distribution Linux encore maintenue à ce jour ?'),(170,6,2,'X Window','Cet environnement graphique gère l\'interaction homme-machine par l\'écran, la souris et le clavier de certains ordinateurs en réseau.','Quel environnement graphique de type « fenêtré » est utilisé sous Linux ?'),(171,6,3,'Richard Stallman','Richard Stallman consacre la majeure partie de son temps à la promotion du logiciel libre auprès de divers publics.','Quel programmeur et militant du logiciel libre a créé le Projet GNU en 1984 ?'),(172,6,3,'XMMS','XMMS fut originellement codé sous le nom de X11Amp par Peter et Mikal Alm en novembre 1997, pour combler un manque sou Linux.','Quel lecteur multimédia ressemblant à Winamp est souvent utilisé sous Linux ?'),(173,6,3,'Canonical','Cette société, basée sur l\'Île de Man, a été créée en 2004 et opère dans 30 pays différents et emploie 500 personnes.','Quelle société financée par l\'entrepreneur sud-africain Mark Shuttleworth commandite Ubuntu ?'),(174,6,3,'SUSE','Apparue au début de l\'année 1994, SUSE est donc la plus ancienne distribution commerciale encore existante.','Avec quel acteur du monde Linux Microsoft a-t-il signé un accord d\'importance ?'),(175,6,3,'Debian','Debian est utilisée comme base de nombreuses autres distributions telles que Knoppix et Ubuntu qui rencontrent un grand succès.','La station spatiale internationale a abandonné Windows au profit de quelle distribution Linux ?'),(176,6,3,'Cuba','Les deux environnements GNOME et KDE, qui reposent sur des technologies communes, ont atteint une maturité certaine.','Quel pays utilise à ce jour le plus Linux comme système d\'exploitation de bureau ?'),(177,6,3,'Larry Ewing','Ce programmeur américain a réalisé la mascotte Tux avec l\'aide du logiciel libre The GIMP.','Quel graphiste a dessiné en 1996 le manchot Tux initial, mascotte du projet Linux ?'),(178,6,3,'Quake III Arena','Le jeu développé par id Software a également été publié sur Macintosh, sur Dreamcast, sur PlayStation 2 et sur Xbox Live Arcade.','Lequel de ces jeux tourne nativement sous GNU/Linux ?'),(179,6,3,'Pandora','La Pandora est capable à ce jour de lancer Quake, Quake II et Quake III Arena sans ralentissement.','Quelle console de jeu open source possède un système d\'exploitation Linux compilé ?'),(180,6,3,'Freax','Le projet trouve son nom définitif grâce à Ari Lemmke qui héberge le travail de Linus Torvalds dans un répertoire nommé Linux.','Comment fut initialement appelé le projet Linux, qui deviendra par la suite une marque déposée ?'),(181,7,1,'6','Un dresseur de Pokémon est une personne qui capture et entraîne des Pokémon en vue de les faire combattre.','Combien de Pokémon un dresseur peut-il transporter ?'),(182,7,1,'Le lapin','Sa fourrure est de couleur marron et il possède comme du coton sur ses oreilles et sur le bas de son corps beige.','Sur quel animal se base la forme de Laporeille, Pokémon de la quatrième génération ?'),(183,7,1,'Rubis','Les versions Rubis et Saphir mettent en scène une nouvelle région, Hoenn, avec de nouveaux Pokémon.','Quel est le jeu Pokémon le plus vendu de tous les temps sur la console Game Boy Advance ?'),(184,7,1,'Feu / Vol','Ses membres supérieurs se sont atrophiés et sa queue rallongée pour permettre à ce titan de garder une certaine stabilité au sol.','Quels sont les types de Dracaufeu, que l\'on retrouve sur des jaquettes des jeux Pokémon ?'),(185,7,1,'Sacha','Originaire du Bourg Palette, Sacha a reçu Pikachu, son Pokémon de départ, des mains du Professeur Chen.','Comment se prénomme le jeune garçon, héros du dessin animé Pokémon ?'),(186,7,1,'Monstres de poche','De nombreux produits dérivés ont été créés, notamment des dessins animés, des cartes, des figurines et des mangas.','Comment peut-on traduire le terme « Pokémon » dont de nombreux produits dérivés ont été créés ?'),(187,7,1,'10 ans','À 10 ans, très sûr de lui et têtu, Sacha a commencé sa quête pour devenir Maître Pokémon.','Quel est l\'âge du jeune Sacha Ketchum au début de la série Pokémon ?'),(188,7,1,'Souris','Probablement est le plus célèbre des Pokémon, Pikachu est très vite devenu la mascotte officielle de la licence.','De quelle famille de Pokémon Pikachu, Rattatac et Sabelette font-ils partie ?'),(189,7,1,'Une spirale','Ce dessin est inspiré des intestins de certains têtards qui sont visibles et en forme de spirale.','Dans Pokémon première génération, que peut-on voir sur le ventre de Ptitard et de ses évolutions ?'),(190,7,1,'Capsule Monsters','Cest suite à la difficulté de déposer le nom de marque que Satoshi Tajiri sest rabattu sur le nom Pokémon.','Quel nom avait été initialement choisi au moment du lancement du jeu Pokémon ?'),(191,7,2,'Verte','Insécateur est inspiré de la mante religieuse verte : il possède deux paires d\'ailes, et deux grandes faux en guise de bras.','Quelle est la couleur du Pokémon baptisé Insécateur, de double type Insecte et Vol ?'),(192,7,2,'Osselait','Osselait est un Pokémon de départ des premiers jeux Pokémon Donjon Mystère.','Lequel de ces Pokémon porte en guise de casque le crâne de sa mère morte ?'),(193,7,2,'Un poireau','On peut remarquer que Canarticho possède un sourcil unique noir et des sortes de « doigts » à chaque aile.','Qu\'est-ce que Canarticho tient constamment dans sa main ou dans son aile ?'),(194,7,2,'Des criquets','L\'idée de créer ces personnages lui est venu de sa passion d\'enfance, la collection des insectes.','Qu\'est-ce qui a inspiré Satoshi Tajiri pour créer les Pokémon et le concept qui va autour ?'),(195,7,2,'2 fois','Sacha s\'appelle Ash en anglais et en français québécois, et Satoshi en japonais, en l\'honneur de Satoshi Tajiri.','Dans le tout premier épisode, combien de fois Sacha se fait-il électrocuter par Pikachu ?'),(196,7,2,'Giovanni','La Team Rocket est une organisation criminelle qui s\'est donnée pour but la domination du monde par tous les moyens.','Comment se prénomme le chef de la Team Rocket, organisation criminelle dans Pokémon ?'),(197,7,2,'Pikachu','Cest une combinaison des onomatopées japonaises « pikapika » (étincelles) et de « chuchu » (bruits émis par les souris).','Lequel de ces Pokémon est l\'un des seuls à avoir le même nom dans toutes les langues ?'),(198,7,2,'Du Japon','En fait, jusquà la 4ème génération, toutes les cartes semblent correspondre très fortement à des parties précises du Japon.','De quel pays la géographie des lieux visités dans Pokémon est-elle inspirée ?'),(199,7,2,'Bleue','La version japonaise des premiers jeux GameBoy donnait le choix entre la version Rouge ou Verte.','En dehors du Japon, par quelle couleur la cartouche Pokemon verte fut-elle remplacée ?'),(200,7,2,'Dévastation','La Team Rocket, en tant qu\'organisation de l\'ombre, ne laisse filtrer que peu d\'informations concernant son fonctionnement interne.','Complétez cette phrase de la Team Rocket: « Afin de préserver le monde de la...'),(201,7,3,'Ossatueur','Cette tour sert dans le jeu à obtenir la Pokéflûte pour réveiller Ronflex en sauvant M. Fuji des griffes de la Team Rocket.','Le spectre de quel pokémon hante le 5e étage de la Tour Pokémon, immeuble de Lavanville ?'),(202,7,3,'Kika','Il est possible d\'obtenir une baie kika en faisant tomber les fruits d\'un arbre à baies roses.','Dans l\'univers de Pokémon, laquelle de ces baies guérit la confusion ?'),(203,7,3,'Bruce Lee','Aux États-Unis, les deux Pokémon se nomment Hitmonchan et Hitmonlee, en référence à Jackie Chan et Bruce Lee.','Dans les versions américaines et japonaises de Pokémon, à qui fait référence Hitmonlee ?'),(204,7,3,'Le tapir','En effet, dans le folklore japonais, les tapirs sont des animaux se nourrissant des rêves et cauchemars des gens.','De quel animal Soporifik, qui peut empêcher un Pokémon de s\'endormir, est-il inspiré ?'),(205,7,3,'Rhinoféros','La première apparition de Rhinoférosse se fait dans l\'épisode 42 où il appartient à l\'arène Kas.','Quel est le premier Pokémon à avoir été imaginé par les créateurs de la franchise ?'),(206,7,3,'Arceus','Arceus est une créature équine, ressemblant à un centaure ou encore à un qilin, une créature de la mythologie chinoise.','Selon la légende, quel Pokémon aurait créé l\'univers Pokémon avec ses mille bras ?'),(207,7,3,'Mew','Lors de cet événement, la file d\'attente était de quatre kilomètres, et certains campèrent devant le salon.','Quel Pokémon les joueurs pouvaient-ils télécharger au Tokyo Game Show en 1997 ?'),(208,7,3,'Bulbizarre','Il ny a aucune différence entre les individus mâles et femelles de cette espèce dans les jeux vidéo.','Quel pokémon a été le premier enregistré dans le Pokédex National ?'),(209,7,3,'Melofée','Les scénaristes pensaient que Pikachu avait plus de potentiel que Melofée pour plaire à la fois aux filles et aux garçons.','À l\'origine, quel Pokémon Sacha devait-il recevoir au moment de partir à l\'aventure ?'),(210,7,3,'25 et 52','Cela pourrait marquer lopposition entre les personnages et symboliser le jeu du chat et de la souris qui existe entre les deux.','Quels sont les numéros respectifs de Pikachu et Miaouss dans le Pokédex National ?'),(211,8,1,'Rouge','Alerte à Malibu a été la série télévisée la plus regardée au monde à ce jour.','Quelle est la couleur du maillot des sauveteurs dans la série Alerte à Malibu ?'),(212,8,1,'Miami','Sa mère lui aurait donné son prénom en hommage à l\'écrivain Horatio Alger.','Dans quelle ville peut-on retrouver le lieutenant Horatio Caine ?'),(213,8,1,'Charlie','Charlie Townsend n\'apparaîtra presque jamais à l\'écran, sauf lorsqu\'il sera enlevé.','Pour qui travaillent les Drôles de dames, diffusées entre entre 1976 et 1981 sur le réseau ABC ?'),(214,8,1,'Barracuda','La série s\'est arrêtée parce qu\'elle devenait de plus en plus chère à produire.','Qui est le plus costaud des héros télévisés de la célèbre Agence tous risques ?'),(215,8,1,'Hugh Laurie','Grégory House y fait souvent référence à des groupes, des films et séries télévisées.','Qui détient le rôle principal dans la série télévisée américaine Dr House ?'),(216,8,1,'Samantha','Ce couple modèle à l\'américaine a également deux enfants : Tabatha et Adam.','Quelle héroïne de la série télévisée Ma sorcière bien aimée est mariée à Jean-Pierre ?'),(217,8,1,'Prison Break','Dans la série, il élabore un plan d\'évasion d\'une complexité stupéfiante pour son frère.','Dans quelle série télévisée Wentworth Miller incarne-t-il Michael Scofield ?'),(218,8,1,'Dr Douglas Ross','Le pilote de la série a été filmé dans un vieil hôpital abandonné par manque de temps.','Quel médecin Georges Clooney incarne-t-il dans la série télévisée Urgences ?'),(219,8,1,'Walnut Grove','Les lieux les plus importants de la série sont Walnut-Grove, Sleepy Eye et Winoka.','Dans quel village la famille Ingalls vit-elle dans La Petite Maison dans la prairie ?'),(220,8,1,'Matt','La série Friends raconte dix années de la vie de six amis vivant à New York.','Lequel de ces personnages ne fait pas partie de la bande de Friends ?'),(221,8,2,'Kitt','Cette voiture est capable de réfléchir et de parler comme un être humain.','Quel est le nom de la célèbre voiture de David Hasselhoff dans K2000 ?'),(222,8,2,'Tori Spelling','Beverly Hills 90210 est un feuilleton télévisé américain qui compte 294 épisodes de 44 minutes.','Qui joua le rôle de Donna Martin dans la série télévisée Beverly Hills 90210 ?'),(223,8,2,'Esprits criminels','Il est interprété par Thomas Gibson et doublé par Julien Kramer en version française.','Dans quelle série Aaron Hotchner perce-t-il les pensées des tueurs en série ?'),(224,8,2,'Prue','La série raconte l\'histoire de 3 surs qui sont les plus puissantes sorcières du monde.','Qui est la sur aînée des héroïnes de la série télévisée américaine Charmed ?'),(225,8,2,'Smallville','Cette série télévisée américaine raconte la jeunesse du futur Superman.','Dans laquelle de ces séries télévisées trouve-t-on un super-héros ?'),(226,8,2,'Rousse','Miranda est avocate et sa carrière tient la place la plus importante dans sa vie.','Quelle est la couleur des cheveux de Miranda dans la série Sex and the City ?'),(227,8,2,'Six','Bien que d\'abord hésitant, J.J. Abrams était enthousiasmé par le concept de la série, à condition que celle-ci ait un angle surnaturel.','Combien de saisons compte la série télévisée Lost, les disparus ?'),(228,8,2,'Pacey','La série a été créée par Kevin Williamson, l\'auteur de la trilogie des Scream.','Qui est le meilleur ami de Dawson dans la série télévisée du même nom ?'),(229,8,2,'Arabesque','Le rôle de Jessica Fletcher a été créé en se référant à l\'univers d\'Agatha Christie.','Dans quelle série télévisée Angela Lansbury joue-t-elle le rôle de Jessica Fletcher ?'),(230,8,2,'Fairview','Des rumeurs courent sur l\'arrivée dans la série de Courteney Cox et de Kim Cattrall.','Dans quelle ville se déroulent les aventures des Desperate Housewives ?'),(231,8,3,'Basset','Interrompue en 1978, la série Columbo a été ressuscitée en 1989, toujours avec Peter Falk.','Quelle est la race du chien de Columbo, l\'inspecteur très obstiné et perspicace ?'),(232,8,3,'Martin Sheen','Cette série met en scène la vie quotidienne d\'un Président démocrate des États-Unis.','Qui joue le rôle du Président Bartlet dans la série télévisée À la Maison Blanche ?'),(233,8,3,'Katherine Heigl','Le romantisme et le mystère de la première saison ont assuré le succès de cette série.','Qui incarne Isabel Evans dans la série télévisée américaine Roswell ?'),(234,8,3,'Samantha','C\'est à la suite d\'une hypnose régressive qu\'il se souviendra de ce qui s\'est passé.','Dans la série X-Files, quel est le prénom de la sur de Fox Mulder ?'),(235,8,3,'Les Klingons','Les Klingons sont des humanoïdes généralement plus grands et plus forts que les Humains.','Pour quelle espèce a-t-on créé une langue artificielle dans le monde de Star Trek ?'),(236,8,3,'Un passeport','L\'écolo-bricolo est vite devenu le modèle de toute une génération de téléspectateurs.','La première image du générique de la série MacGyver présente une main avec...'),(237,8,3,'J.J. Abrams','J.J. Abrams est un scénariste, réalisateur, producteur et acteur de cinéma.','Qui est le créateur de la série télévisée américaine Alias ?'),(238,8,3,'Lucy Liu','Dans la série, Ling Woo, la meilleure amie de Nelle, sera cliente, avocate puis juge.','Qui interprète le rôle de Ling dans la série télévisée américaine Ally McBeal ?'),(239,8,3,'Le basket-ball','À la base, la série devait s\'appeler Ravens, du nom de l\'équipe de basket-ball du lycée de Tree Hill.','Quel sport est pratiqué par Lukas dans la série Les Frères Scott ?'),(240,8,3,'Summers','Buffy Summers est une Tueuse de vampires issue d\'une longue lignée d\'Élues luttant contre les forces du mal.','Quel est le nom de la famille de Buffy dans la série Buffy contre les vampires ?'),(241,9,1,'Baie des Anges','Outre des manifestations nombreuses, la promenade était réputée pour ses « chaises bleues » et ses pergolas.','Sur quelle baie la célèbre et touristique promenade des Anglais se trouve-t-elle ?'),(242,9,1,'Rio de Janeiro','La ville de Nice a menée une politique de jumelage particulièrement active, en raison de l\'importance du tourisme pour son économie.','Avec quelle importante métropole brésilienne la ville de Nice est-elle jumelée ?'),(243,9,1,'François Truffaut','Le film a été tourné aux Studios de la Victorine dans les décors de La Folle de Chaillot ainsi qu\'à l\'hôtel Atlantic de Nice.','Quel cinéaste a dirigé le film La Nuit Américaine, tourné à Nice dans les studios Riviera ?'),(244,9,1,'Rose','De par sa couleur et sa forme, il demeure comme lun des témoignages forts des folies qui sont érigées sur la Riviera.','Quelle est la couleur de la façade du Château de l\'Anglais, construit à Nice de 1856 à 1858 ?'),(245,9,1,'Brice','Apparu tout d\'abord dans les sketches de Jean Dujardin, le personnage est ensuite devenu un héros de films.','Comment se prénomme le héros surfeur incarné par Jean Dujardin en 2005 ?'),(246,9,1,'1','Dans les mois qui ont suivi le lancement du tramway, on comptabilisait entre 65 000 et 70 000 voyages quotidiens.','Combien y a-t-il de lignes de tramway parcourant le centre et les alentours de Nice ?'),(247,9,1,'Café de Turin','Le café de Turin, situé place Garibaldi, reste encore aujourd\'hui l\'un des cafés les plus connus de la ville de Nice.','Quel café de Nice, construit au XIXe siècle, fut un lieu de rencontre des immigrés piémontais ?'),(248,9,1,'Deux','Situés à une centaine de mètres l\'un de l\'autre, les casinos appartiennent aux deux plus grands groupes français.','Dans combien de casinos pourrez-vous tenter de faire fortune à Nice ?'),(249,9,1,'Mars','Nice possède de nombreux musées, consacrés à l\'art, à l\'histoire, ou à l\'histoire et aux traditions locales.','Depuis 2001, à Nice, durant quel mois les musées sont-ils ouverts gratuitement aux jeunes ?'),(250,9,1,'Auguste Renoir','Membre du groupe impressionniste, Renoir évolue dans les années 1880 vers un style plus réaliste sous l\'influence de Raphaël.','Quel peintre, auteur du tableau Le Déjeuner des canotiers, a eu un atelier à Nice de 1911 à 1919 ?'),(251,9,2,'De morue','Lusage de cuisiner et de consommer de la morue séchée provient de Scandinavie et notamment de Norvège.','À base de quel poisson le plat niçois nommé « estocafic » est-il préparé ?'),(252,9,2,'Nice-Arénas','Grâce à une urbanisation linéaire et continue, tous les habitants de l\'aire urbaine de Nice peuvent accéder au réseau TER.','Laquelle de ces propositions ne désigne pas une gare ferroviaire de Nice ?'),(253,9,2,'9 km','Le tramway de Nice est actuellement composé d\'une seule ligne et exploité par la Régie Ligne d\'Azur.','Quelle est environ la longueur du réseau de tramway de la ville de Nice ?'),(254,9,2,'Sainte-Rita','Elle porte également les noms de chapelle Saint-Jaume, chapelle Saint-Giaume et chapelle Sainte-Rita.','Quelle église de l\'Annonciation, située à Nice, a été complètement rénovée en 1685 ?'),(255,9,2,'Au 37','Avec sa cinquième étoile obtenue en août 2009, il est l\'un des rares survivants de l\'hôtellerie du début du XXe siècle.','À quel numéro de la promenade des Anglais se situe l\'hôtel Negresco ?'),(256,9,2,'Sonny Andreson','Les terrains d\'entraînement du groupe professionnel se situent au sein du parc des sports Charles-Ehrmann.','Lequel de ces joueurs de football n\'a jamais évolué sous les couleurs de l\'OGC Nice ?'),(257,9,2,'Gourdon','Le château de Gourdon, dans les Alpes-Maritimes, est un château fortifié construit au Moyen Âge et remanié au VXIIe siècle.','Laquelle de ces propositions ne désigne pas un château de Nice ?'),(258,9,2,'Bleus','La façade est de style à la fois néoclassique et baroque tardif pour la partie supérieure. Le balcon a été rajouté en 1841.','La chapelle du Saint-Sépulcre de Nice est également appelée chapelle des pénitents...'),(259,9,2,'Villa des Arènes','La collection permanente du musée s\'est constituée grâce à diverses donations, d\'abord celle de Matisse en personne.','Quel est le nom de la villa dans laquelle le musée Matisse s\'est installé ?'),(260,9,2,'Nekfeu','Son premier album solo, Feu, bénéficie d\'une couverture médiatique importante ainsi que de critiques très positives.','Quel rappeur, auteur des tubes On verra et Reuf, est né à Nice ?'),(261,9,3,'En 2004','Ce luxueux complexe hôtelier est situé aux numéros 13 et 15 de la promenade des Anglais.','Quand le palais de la Méditerranée, fermé en 1978 pour cause financière, a-t-il rouvert ses portes ?'),(262,9,3,'Louis Nucréa','La bibliothèque municipale à vocation régionale de Nice (BMVR) est détentrice de la majeure partie de ses manuscrits.','Quel écrivain niçois a donné son nom à une bibliothèque de la ville ouverte depuis 2002 ?'),(263,9,3,'Menica Rondelly','Menica Rondelly a écrit de nombreux textes et chansons en langue niçoise dont plusieurs pour le carnaval de Nice.','À quel écrivain et poète niçois doit-on l\'hymne Nissa la bella ?'),(264,9,3,'Le Magnan','À sec entre 2006 et 2013, avec un régime d\'oued, le Magnan coule à nouveau en continu toute l\'année.','Quel fleuve long de plus de douze kilomètres traverse la ville de Nice ?'),(265,9,3,'Le Paillon','Malgré ses débordements, il est intimement lié à la vie quotidienne des Niçois car il représente sa principale source dénergie.','Laquelle de ces propositions désigne un fleuve côtier qui se jette dans la baie des Anges, à Nice ?'),(266,9,3,'Anatole Jakovsky','Sa veuve a légué le reste de ses collections à la commune de Blainville-Crevon, non loin de Rouen.','Qui a donné son nom au musée international d\'art naïf de Nice grâce à ses donations ?'),(267,9,3,'Angers','Sa construction s\'inscrivait dans le cadre d\'une volonté des autorités de franciser la ville après l\'annexion du comté de Nice à la France.','La cathédrale de quelle ville a inspiré la construction, à Nice, de la basilique Notre-Dame ?'),(268,9,3,'Grotte du Lazaret','La grotte est connue depuis 1826 et a fait lobjet de fouilles à partir de 1950 sous la direction de François Charles Ernest Octobon.','Quelle grotte et site préhistorique se situe à Nice, aux pieds du mont Boron ?'),(269,9,3,'Néo-mauresque','L\'hôtel ouvre en 1901. Il possède tout le confort pour attirer une clientèle fortunée pendant la saison qui se limite alors à l\'hiver.','Quel est le style architectural de l\'ancien hôtel de Nice, connu sous le nom d\'Alhambra ?'),(270,9,3,'Tête Carrée','Nice comprend une bibliothèque centrale, onze bibliothèques de quartier et une bibliothèque patrimoniale et détude.','Comment s\'appelle la structure habitable de la bibliothèque Louis-Nucréa de Nice ?');
/*!40000 ALTER TABLE `question` ENABLE KEYS */;
UNLOCK TABLES;

--
-- Table structure for table `reponse`
--

DROP TABLE IF EXISTS `reponse`;
/*!40101 SET @saved_cs_client     = @@character_set_client */;
/*!40101 SET character_set_client = utf8 */;
CREATE TABLE `reponse` (
  `id` int(11) NOT NULL AUTO_INCREMENT,
  `question_id_id` int(11) DEFAULT NULL,
  `reponse` varchar(255) COLLATE utf8_unicode_ci NOT NULL,
  `correct` varchar(3) COLLATE utf8_unicode_ci NOT NULL,
  PRIMARY KEY (`id`),
  KEY `IDX_5FB6DEC74FAF8F53` (`question_id_id`),
  CONSTRAINT `FK_5FB6DEC74FAF8F53` FOREIGN KEY (`question_id_id`) REFERENCES `question` (`id`)
) ENGINE=InnoDB AUTO_INCREMENT=1081 DEFAULT CHARSET=utf8 COLLATE=utf8_unicode_ci;
/*!40101 SET character_set_client = @saved_cs_client */;

--
-- Dumping data for table `reponse`
--

LOCK TABLES `reponse` WRITE;
/*!40000 ALTER TABLE `reponse` DISABLE KEYS */;
INSERT INTO `reponse` VALUES (1,1,'Un gland','Oui'),(2,1,'Une pierre','Non'),(3,1,'Un os','Non'),(4,1,'Une bille','Non'),(5,2,'Willy','Oui'),(6,2,'Tom','Non'),(7,2,'Monica','Non'),(8,2,'Jennifer','Non'),(9,3,'Un requin','Oui'),(10,3,'Une orque','Non'),(11,3,'Un kraken','Non'),(12,3,'Un piranha','Non'),(13,4,'Dingo','Oui'),(14,4,'Félix','Non'),(15,4,'Donald','Non'),(16,4,'Mortimer','Non'),(17,5,'Rox','Oui'),(18,5,'Alex','Non'),(19,5,'Z','Non'),(20,5,'Simba','Non'),(21,6,'Pluto','Oui'),(22,6,'Hector','Non'),(23,6,'Taz','Non'),(24,6,'Sylvestre','Non'),(25,7,'Jerry','Oui'),(26,7,'Titi','Non'),(27,7,'Manny','Non'),(28,7,'Grosminet','Non'),(29,8,'Scooby-Doo','Oui'),(30,8,'Pluto','Non'),(31,8,'Beethoven','Non'),(32,8,'Droopy','Non'),(33,9,'Daffy Duck','Oui'),(34,9,'Titi','Non'),(35,9,'Bugs Bunny','Non'),(36,9,'Elmer Fudd','Non'),(37,10,'Un cochon','Oui'),(38,10,'Un mouton','Non'),(39,10,'Un chien','Non'),(40,10,'Une chèvre','Non'),(41,11,'Un suricate','Oui'),(42,11,'Un écureuil','Non'),(43,11,'Un tatou','Non'),(44,11,'Un castor','Non'),(45,12,'Beethoven','Oui'),(46,12,'Mozart','Non'),(47,12,'Chopin','Non'),(48,12,'Brahms','Non'),(49,13,'Dalmatien','Oui'),(50,13,'Berger allemand','Non'),(51,13,'Fox-terrier','Non'),(52,13,'Jack Russel','Non'),(53,14,'Un éléphant','Oui'),(54,14,'Une girafe','Non'),(55,14,'Un chien','Non'),(56,14,'Un cerf','Non'),(57,15,'L\'Ingénu','Oui'),(58,15,'L\'Affranchi','Non'),(59,15,'L\'Iconoclaste','Non'),(60,15,'Le malin','Non'),(61,16,'Hello Kitty','Oui'),(62,16,'Hola Ginola','Non'),(63,16,'Santa Maria','Non'),(64,16,'Bravo Sammy','Non'),(65,17,'Gromit','Oui'),(66,17,'Rouky','Non'),(67,17,'Coyote','Non'),(68,17,'Kaa','Non'),(69,18,'Félix','Oui'),(70,18,'Figaro','Non'),(71,18,'José','Non'),(72,18,'André','Non'),(73,19,'Une fourmi','Oui'),(74,19,'Un cafard','Non'),(75,19,'Une libellule','Non'),(76,19,'Une araignée','Non'),(77,20,'Lucky Luke','Oui'),(78,20,'Gaston Lagaffe','Non'),(79,20,'Tintin','Non'),(80,20,'Astérix','Non'),(81,21,'Un renard','Oui'),(82,21,'Un lion','Non'),(83,21,'Un ours','Non'),(84,21,'Un tigre','Non'),(85,22,'Un lapin','Oui'),(86,22,'Un renard','Non'),(87,22,'Un chien','Non'),(88,22,'Un kangourou','Non'),(89,23,'Belle','Oui'),(90,23,'Simba','Non'),(91,23,'Daisy','Non'),(92,23,'Aurore','Non'),(93,24,'Franklin','Oui'),(94,24,'Gamera','Non'),(95,24,'Donatello','Non'),(96,24,'Caroline','Non'),(97,25,'Buddy','Oui'),(98,25,'Snoopy','Non'),(99,25,'Oscar','Non'),(100,25,'Scooby','Non'),(101,26,'Nana','Oui'),(102,26,'Belle','Non'),(103,26,'Jasmine','Non'),(104,26,'Dolly','Non'),(105,27,'Lil Bub','Oui'),(106,27,'Bébert','Non'),(107,27,'Simon','Non'),(108,27,'Choupette','Non'),(109,28,'Chipeur','Oui'),(110,28,'Silver','Non'),(111,28,'Sylvester','Non'),(112,28,'Denver','Non'),(113,29,'Edmond','Oui'),(114,29,'Babe','Non'),(115,29,'Grégoire','Non'),(116,29,'Jonathan','Non'),(117,30,'Oberhausen','Oui'),(118,30,'Brunswick','Non'),(119,30,'Karlsruhe','Non'),(120,30,'Mannheim','Non'),(121,31,'Belle des Champs','Oui'),(122,31,'Tomme du Jura','Non'),(123,31,'Petit chèvre','Non'),(124,31,'Palet du Poitou','Non'),(125,32,'Babybel','Oui'),(126,32,'Chavroux','Non'),(127,32,'Saint-paulin','Non'),(128,32,'Époisses','Non'),(129,33,'Boursin','Oui'),(130,33,'Reblochon','Non'),(131,33,'Emmental','Non'),(132,33,'Roquefort','Non'),(133,34,'Le brie','Oui'),(134,34,'Le gruyère','Non'),(135,34,'Le roquefort','Non'),(136,34,'Le cantal','Non'),(137,35,'Le comté','Oui'),(138,35,'Le fourme','Non'),(139,35,'Le demi-sel','Non'),(140,35,'Le chèvre','Non'),(141,36,'Emmental','Oui'),(142,36,'Roquefort','Non'),(143,36,'Gruyère','Non'),(144,36,'Brie','Non'),(145,37,'Le gruyère','Oui'),(146,37,'Le brebis','Non'),(147,37,'Le beaufort','Non'),(148,37,'La figuette','Non'),(149,38,'Le maroilles','Oui'),(150,38,'Le brie','Non'),(151,38,'Le gruyère','Non'),(152,38,'Le roquefort','Non'),(153,39,'Le petit-suisse ','Oui'),(154,39,'Le maroilles','Non'),(155,39,'Le coulommiers ','Non'),(156,39,'Le saint-marcellin','Non'),(157,40,'Le Bergues','Oui'),(158,40,'Le livarot','Non'),(159,40,'Le savaron','Non'),(160,40,'Le beaufort','Non'),(161,41,'Le beaufort','Oui'),(162,41,'Le brie','Non'),(163,41,'Le morbier','Non'),(164,41,'Le munster','Non'),(165,42,'Époisses','Oui'),(166,42,'Cabecou','Non'),(167,42,'Petit-suisse','Non'),(168,42,'Roquefort','Non'),(169,43,'La Mimolette vieille','Oui'),(170,43,'Le mouflon','Non'),(171,43,'Le pavé du Nord','Non'),(172,43,'La rigotte','Non'),(173,44,'Reblochon','Oui'),(174,44,'Emmental','Non'),(175,44,'Roquefort','Non'),(176,44,'Gruyère','Non'),(177,45,'Le roquefort','Oui'),(178,45,'Le munster','Non'),(179,45,'Le brie','Non'),(180,45,'Le beaufort','Non'),(181,46,'Saint-nectaire','Oui'),(182,46,'Époisses','Non'),(183,46,'Roquefort','Non'),(184,46,'Livernon','Non'),(185,47,'Le dauphin','Oui'),(186,47,'Le marsouin','Non'),(187,47,'Le wallaby','Non'),(188,47,'Le lapin','Non'),(189,48,'Le figou','Oui'),(190,48,'La tomme de Savoie','Non'),(191,48,'Le saint-nectaire','Non'),(192,48,'Le petit chèvre','Non'),(193,49,'Le saint-marcellin','Oui'),(194,49,'Le saint-julien','Non'),(195,49,'Le saint-siméon','Non'),(196,49,'Le saint-paulin','Non'),(197,50,'La tomme de Savoie','Oui'),(198,50,'Le vacherin','Non'),(199,50,'Le vieux moulin','Non'),(200,50,'La rigotte','Non'),(201,51,'Beaufort','Oui'),(202,51,'Cantal','Non'),(203,51,'Livernon','Non'),(204,51,'Reblochon','Non'),(205,52,'Brillat-savarin','Oui'),(206,52,'Pélardon','Non'),(207,52,'Mélusine','Non'),(208,52,'Gaperon','Non'),(209,53,'Le coulommiers','Oui'),(210,53,'Le charolais','Non'),(211,53,'Le chevrotin','Non'),(212,53,'Le civray','Non'),(213,54,'Le livarot','Oui'),(214,54,'Le fédou','Non'),(215,54,'Le livernon','Non'),(216,54,'Le montbriac','Non'),(217,55,'Le morbier','Oui'),(218,55,'Le savaron','Non'),(219,55,'Le trou du Cru','Non'),(220,55,'Le vachard','Non'),(221,56,'Le laguiole','Oui'),(222,56,'Le barousse','Non'),(223,56,'Le livarot','Non'),(224,56,'Le fédou','Non'),(225,57,'400','Oui'),(226,57,'300','Non'),(227,57,'200','Non'),(228,57,'100','Non'),(229,58,'Le munster','Oui'),(230,58,'Le morbier','Non'),(231,58,'Le savaron','Non'),(232,58,'Le trou du Cru','Non'),(233,59,'Le barousse','Oui'),(234,59,'Le Curé nantais','Non'),(235,59,'Le mouflon','Non'),(236,59,'Le munster','Non'),(237,60,'Le Curé nantais','Oui'),(238,60,'Le boursin','Non'),(239,60,'Le charolais','Non'),(240,60,'La figuette','Non'),(241,61,'Un lion','Oui'),(242,61,'Un aigle','Non'),(243,61,'Un cheval','Non'),(244,61,'Un ours','Non'),(245,62,'Daenerys','Oui'),(246,62,'Catelyn','Non'),(247,62,'Arya','Non'),(248,62,'Sansa','Non'),(249,63,'7','Oui'),(250,63,'5','Non'),(251,63,'10','Non'),(252,63,'3','Non'),(253,64,'Daenerys Targaryen','Oui'),(254,64,'Jon Arryn','Non'),(255,64,'Donan Martell','Non'),(256,64,'Lisa Arryn','Non'),(257,65,'Décapité','Oui'),(258,65,'Brûlé vif','Non'),(259,65,'Poignardé','Non'),(260,65,'Pendu','Non'),(261,66,'Le Mur','Oui'),(262,66,'Le jardin','Non'),(263,66,'La frontière','Non'),(264,66,'La reine','Non'),(265,67,'Winterfell','Oui'),(266,67,'Corbois','Non'),(267,67,'Valyria','Non'),(268,67,'Port-Réal','Non'),(269,68,'Reine','Oui'),(270,68,'Princesse','Non'),(271,68,'Duchesse','Non'),(272,68,'Comtesse','Non'),(273,69,'Sansa','Oui'),(274,69,'Arya','Non'),(275,69,'Catelyn','Non'),(276,69,'Daenerys','Non'),(277,70,'Bran','Oui'),(278,70,'Jon','Non'),(279,70,'Ned','Non'),(280,70,'Craster','Non'),(281,71,'Le Donjon Rouge','Oui'),(282,71,'Fort Jaune','Non'),(283,71,'Les Murmures','Non'),(284,71,'Pointe-Vive','Non'),(285,72,'Tyrion Lannister','Oui'),(286,72,'Jaime Lannister','Non'),(287,72,'Theon Greyjoy','Non'),(288,72,'Jon Snow','Non'),(289,73,'Le limier / Le chien','Oui'),(290,73,'Le lion','Non'),(291,73,'Le brûlé','Non'),(292,73,'Le dragon','Non'),(293,74,'Dent-de-Lion','Oui'),(294,74,'Mangecur','Non'),(295,74,'Grand-griffe','Non'),(296,74,'Coupe-lame','Non'),(297,75,'Châteaunoir','Oui'),(298,75,'Tour Ombreuse','Non'),(299,75,'Fort-Levant','Non'),(300,75,'Noirlac','Non'),(301,76,'Une corneille','Oui'),(302,76,'Un serpent','Non'),(303,76,'Un dragon','Non'),(304,76,'Une louve','Non'),(305,77,'Noire','Oui'),(306,77,'Rouge','Non'),(307,77,'Verte','Non'),(308,77,'Blanche','Non'),(309,78,'Olenna Tyrell','Oui'),(310,78,'Bethany Redwyne','Non'),(311,78,'Lisa Arryn','Non'),(312,78,'Cersei Lannister','Non'),(313,79,'10 000','Oui'),(314,79,'20 000','Non'),(315,79,'5 000','Non'),(316,79,'15 000','Non'),(317,80,'Son cheval','Oui'),(318,80,'Ses cheveux','Non'),(319,80,'Son dragon','Non'),(320,80,'Ses cicatrices','Non'),(321,81,'Premier Patrouilleur','Oui'),(322,81,'Lord Commandant','Non'),(323,81,'Premier Ingénieur','Non'),(324,81,'Lord Intendant','Non'),(325,82,'Aiguille','Oui'),(326,82,'Été','Non'),(327,82,'Blanche','Non'),(328,82,'Dard','Non'),(329,83,'Été','Oui'),(330,83,'Nymeria','Non'),(331,83,'Broussaille','Non'),(332,83,'Fantôme','Non'),(333,84,'Richard Karstark','Oui'),(334,84,'Catelyn Stark','Non'),(335,84,'Harrion Karstark','Non'),(336,84,'Robb Stark','Non'),(337,85,'Nymeria','Oui'),(338,85,'Broussaille','Non'),(339,85,'Fantôme','Non'),(340,85,'Vent Gris','Non'),(341,86,'Doreah','Oui'),(342,86,'Irri','Non'),(343,86,'Jhiqui','Non'),(344,86,'Mysaria','Non'),(345,87,'Sandor Clegane','Oui'),(346,87,'Jory Cassel','Non'),(347,87,'Jorah Mormont','Non'),(348,87,'Jon Snow','Non'),(349,88,'Un sauvageon','Oui'),(350,88,'Un garde de Nuit','Non'),(351,88,'Un roi','Non'),(352,88,'Un dresseur','Non'),(353,89,'Ollo le Manchot','Oui'),(354,89,'Craster','Non'),(355,89,'Samwell Tarly','Non'),(356,89,'Fulk la Puce','Non'),(357,90,'Thoros de Myr','Oui'),(358,90,'Benerro','Non'),(359,90,'Azor Ahai','Non'),(360,90,'Mélisandre','Non'),(361,91,'Océan Atlantique','Oui'),(362,91,'Océan Pacifique','Non'),(363,91,'Océan Indien','Non'),(364,91,'Océan Arctique','Non'),(365,92,'En Australie','Oui'),(366,92,'En Europe','Non'),(367,92,'En Afrique','Non'),(368,92,'En Asie','Non'),(369,93,'Pékin','Oui'),(370,93,'Shanghai','Non'),(371,93,'Canton','Non'),(372,93,'Shenzhen','Non'),(373,94,'Luxembourg','Oui'),(374,94,'Vianden','Non'),(375,94,'Wiltz','Non'),(376,94,'Diekirch','Non'),(377,95,'La Suisse','Oui'),(378,95,'La Pologne','Non'),(379,95,'L\'Autriche','Non'),(380,95,'Le Danemark','Non'),(381,96,'En Turquie','Oui'),(382,96,'En Inde','Non'),(383,96,'Au Pakistan','Non'),(384,96,'En Birmanie','Non'),(385,97,'Cancer','Oui'),(386,97,'Capricorne','Non'),(387,97,'Taureau','Non'),(388,97,'Sagittaire','Non'),(389,98,'La Suisse','Oui'),(390,98,'La Hongrie','Non'),(391,98,'Les Pays-Bas','Non'),(392,98,'La Grèce','Non'),(393,99,'En Roumanie','Oui'),(394,99,'En Hongrie','Non'),(395,99,'En Bulgarie','Non'),(396,99,'En Australie','Non'),(397,100,'Tropique du Cancer','Oui'),(398,100,'Tropique du Chat','Non'),(399,100,'Tropique du Lion','Non'),(400,100,'Tropique du Loup','Non'),(401,101,'Les Philippines','Oui'),(402,101,'La Malaisie','Non'),(403,101,'L\'Indonésie','Non'),(404,101,'La Birmanie','Non'),(405,102,'Le Danube','Oui'),(406,102,'Le Rhin','Non'),(407,102,'L\'Elbe','Non'),(408,102,'Le Rhône','Non'),(409,103,'La mer Rouge','Oui'),(410,103,'La mer Ionienne','Non'),(411,103,'La mer Noire','Non'),(412,103,'La mer de Java','Non'),(413,104,'Aux États-Unis','Oui'),(414,104,'En Inde','Non'),(415,104,'En Russie','Non'),(416,104,'Au Brésil','Non'),(417,105,'Le Niger','Oui'),(418,105,'Le Congo','Non'),(419,105,'Le Sénégal','Non'),(420,105,'Le Zambèze','Non'),(421,106,'La Yougoslavie','Oui'),(422,106,'La Suisse','Non'),(423,106,'La Grèce','Non'),(424,106,'L\'Espagne','Non'),(425,107,'Toronto','Oui'),(426,107,'Hamilton','Non'),(427,107,'Oshawa','Non'),(428,107,'Windsor','Non'),(429,108,'Floride','Oui'),(430,108,'Nevada','Non'),(431,108,'Arkansas','Non'),(432,108,'Michigan','Non'),(433,109,'La mer Morte','Oui'),(434,109,'La mer Rouge','Non'),(435,109,'La mer Blanche','Non'),(436,109,'La mer Jaune','Non'),(437,110,'En Yougoslavie','Oui'),(438,110,'En Sibérie','Non'),(439,110,'En Estonie','Non'),(440,110,'En Roumanie','Non'),(441,111,'Guernesey','Oui'),(442,111,'Ortac','Non'),(443,111,'Herm','Non'),(444,111,'Aurigny','Non'),(445,112,'En Birmanie','Oui'),(446,112,'En Indonésie','Non'),(447,112,'En Malaisie','Non'),(448,112,'Aux Philippines','Non'),(449,113,'Le Minnesota','Oui'),(450,113,'Le Michigan','Non'),(451,113,'Le Missouri','Non'),(452,113,'Le Montana','Non'),(453,114,'Baïkal','Oui'),(454,114,'Tanganyika','Non'),(455,114,'Malawi','Non'),(456,114,'Érié','Non'),(457,115,'Karachi','Oui'),(458,115,'Islamabad','Non'),(459,115,'Mingora','Non'),(460,115,'Burewala','Non'),(461,116,'Islamabad','Oui'),(462,116,'Karachi','Non'),(463,116,'Wah','Non'),(464,116,'Quetta','Non'),(465,117,'New York','Oui'),(466,117,'Alabama','Non'),(467,117,'Maryland','Non'),(468,117,'Idaho','Non'),(469,118,'La Malaisie','Oui'),(470,118,'Le Laos','Non'),(471,118,'Le Cambodge','Non'),(472,118,'La Birmanie','Non'),(473,119,'Douze','Oui'),(474,119,'Dix','Non'),(475,119,'Huit','Non'),(476,119,'Six','Non'),(477,120,'Luçon','Oui'),(478,120,'Visayas','Non'),(479,120,'Shikoku','Non'),(480,120,'Guam','Non'),(481,121,'Word','Oui'),(482,121,'Excel','Non'),(483,121,'PowerPoint','Non'),(484,121,'Access','Non'),(485,122,'Tableur','Oui'),(486,122,'Traitement de texte','Non'),(487,122,'Navigateur internet','Non'),(488,122,'Client de messagerie','Non'),(489,123,'Un bug','Oui'),(490,123,'Un crack','Non'),(491,123,'Un spam','Non'),(492,123,'Un virus','Non'),(493,124,'Windows 8','Oui'),(494,124,'Windows 7','Non'),(495,124,'Windows CE','Non'),(496,124,'Windows Mobile','Non'),(497,125,'PAO','Oui'),(498,125,'USB','Non'),(499,125,'VGA','Non'),(500,125,'CIO','Non'),(501,126,'iTunes','Oui'),(502,126,'QuickTime','Non'),(503,126,'FileMaker','Non'),(504,126,'HyperCard','Non'),(505,127,'Un tableur','Oui'),(506,127,'Un débogueur','Non'),(507,127,'Un navigateur','Non'),(508,127,'Un explorateur','Non'),(509,128,'Un hacker','Oui'),(510,128,'Un blagueur','Non'),(511,128,'Un forceur','Non'),(512,128,'Un pirateur','Non'),(513,129,'Des navigateurs','Oui'),(514,129,'Des tableurs','Non'),(515,129,'Des éditeurs','Non'),(516,129,'Des émulateurs','Non'),(517,130,'Google Agenda','Oui'),(518,130,'Google TimeLine','Non'),(519,130,'Google Tempo','Non'),(520,130,'Google Mobile','Non'),(521,131,'Microsoft','Oui'),(522,131,'Google','Non'),(523,131,'Apple','Non'),(524,131,'Facebook','Non'),(525,132,'Linux','Oui'),(526,132,'Windows','Non'),(527,132,'MS-DOS','Non'),(528,132,'Mac OS','Non'),(529,133,'Google Apps','Oui'),(530,133,'Google Pro','Non'),(531,133,'Google Serve','Non'),(532,133,'Google Mac','Non'),(533,134,'Un freeware','Oui'),(534,134,'Un malware','Non'),(535,134,'Un adware','Non'),(536,134,'Un software','Non'),(537,135,'Instagram','Oui'),(538,135,'Globalnet','Non'),(539,135,'Valve','Non'),(540,135,'Backelite','Non'),(541,136,'Courriel','Oui'),(542,136,'Emel','Non'),(543,136,'Lettrinter','Non'),(544,136,'Copitel','Non'),(545,137,'Skype','Oui'),(546,137,'Instagram','Non'),(547,137,'QuickTime','Non'),(548,137,'Pidgin','Non'),(549,138,'Internet Explorer','Oui'),(550,138,'Safari','Non'),(551,138,'Chrome','Non'),(552,138,'Firefox','Non'),(553,139,'Un antivirus','Oui'),(554,139,'Un chat','Non'),(555,139,'Un navigateur','Non'),(556,139,'Une messagerie','Non'),(557,140,'Benoît XVI','Oui'),(558,140,'François','Non'),(559,140,'Jean-Paul II','Non'),(560,140,'Paul VI','Non'),(561,141,'Thunderbird','Oui'),(562,141,'Incredimail','Non'),(563,141,'Sylpheed','Non'),(564,141,'Foxmail','Non'),(565,142,'Office 365','Oui'),(566,142,'KOffice','Non'),(567,142,'OpenOffice','Non'),(568,142,'StarOffice','Non'),(569,143,'Janus','Oui'),(570,143,'Startus','Non'),(571,143,'Uranus','Non'),(572,143,'Opus','Non'),(573,144,'Onedrive','Oui'),(574,144,'Dropbox','Non'),(575,144,'RapidShare','Non'),(576,144,'MediaFire','Non'),(577,145,'Pidgin','Oui'),(578,145,'Connect','Non'),(579,145,'iShare','Non'),(580,145,'Komunnity','Non'),(581,146,'Google Documents','Oui'),(582,146,'OpenOffice','Non'),(583,146,'Google Sites','Non'),(584,146,'Works','Non'),(585,147,'Norvège','Oui'),(586,147,'France','Non'),(587,147,'Italie','Non'),(588,147,'Autriche','Non'),(589,148,'Acrobat Reader','Oui'),(590,148,'Mozilla Firefox','Non'),(591,148,'Google Chrome','Non'),(592,148,'Internet Explorer','Non'),(593,149,'35 milliards','Oui'),(594,149,'25 milliards','Non'),(595,149,'15 milliards','Non'),(596,149,'5 milliards','Non'),(597,150,'Le 23 mars 2001','Oui'),(598,150,'Le 2 janvier 1999','Non'),(599,150,'Le 15 janvier 2002','Non'),(600,150,'Le 8 décembre 2000','Non'),(601,151,'Linus Torvalds','Oui'),(602,151,'Steeve Jobs','Non'),(603,151,'Larry Ellison','Non'),(604,151,'Bill Gates','Non'),(605,152,'Il est libre','Oui'),(606,152,'Il est beau','Non'),(607,152,'Il est Finlandais','Non'),(608,152,'Il est amusant','Non'),(609,153,'Un manchot','Oui'),(610,153,'Une marmotte','Non'),(611,153,'Un caribou','Non'),(612,153,'Un gnou','Non'),(613,154,'Rm','Oui'),(614,154,'Rem','Non'),(615,154,'Del','Non'),(616,154,'Delete','Non'),(617,155,'Red Hat','Oui'),(618,155,'Zubuntu','Non'),(619,155,'Souze','Non'),(620,155,'Mandrika','Non'),(621,156,'Android','Oui'),(622,156,'iOS','Non'),(623,156,'Windows Phone','Non'),(624,156,'BlackBerry 10','Non'),(625,157,'Une distribution','Oui'),(626,157,'Un progiciel','Non'),(627,157,'Un intégré','Non'),(628,157,'Une logithèque','Non'),(629,158,'Apache','Oui'),(630,158,'Comanche','Non'),(631,158,'Siou','Non'),(632,158,'Mohican','Non'),(633,159,'Tux','Oui'),(634,159,'Wilber','Non'),(635,159,'Gnu','Non'),(636,159,'Puffy','Non'),(637,160,'Cat','Oui'),(638,160,'Type','Non'),(639,160,'Man','Non'),(640,160,'Ls','Non'),(641,161,'1991','Oui'),(642,161,'1993','Non'),(643,161,'1995','Non'),(644,161,'1997','Non'),(645,162,'Ubuntu','Oui'),(646,162,'Gentoo','Non'),(647,162,'Mandriva','Non'),(648,162,'Fedora','Non'),(649,163,'Konqueror','Oui'),(650,163,'Firefox','Non'),(651,163,'Netscape','Non'),(652,163,'Chrome','Non'),(653,164,'Mandriva','Oui'),(654,164,'Debian','Non'),(655,164,'SUSE','Non'),(656,164,'Slackwave','Non'),(657,165,'.deb','Oui'),(658,165,'.dev','Non'),(659,165,'.rss','Non'),(660,165,'.rpm','Non'),(661,166,'Useradd','Oui'),(662,166,'Adduser','Non'),(663,166,'Passwd','Non'),(664,166,'Mkaccount','Non'),(665,167,'GNU','Oui'),(666,167,'BSD','Non'),(667,167,'Mimix','Non'),(668,167,'iOS','Non'),(669,168,'Debian','Oui'),(670,168,'Red Hat','Non'),(671,168,'Slackware','Non'),(672,168,'Fedora','Non'),(673,169,'Slackware','Oui'),(674,169,'Ubuntu','Non'),(675,169,'Red Hat','Non'),(676,169,'Mandriva','Non'),(677,170,'X Window','Oui'),(678,170,'K Window','Non'),(679,170,'Z Window','Non'),(680,170,'L Window','Non'),(681,171,'Richard Stallman','Oui'),(682,171,'Linus Torvalds','Non'),(683,171,'John Von Neumann','Non'),(684,171,'Alan Cox','Non'),(685,172,'XMMS','Oui'),(686,172,'Mplayer','Non'),(687,172,'Tomahawk','Non'),(688,172,'Spotify','Non'),(689,173,'Canonical','Oui'),(690,173,'Pentax','Non'),(691,173,'Panasonic','Non'),(692,173,'Nikon','Non'),(693,174,'SUSE','Oui'),(694,174,'Red Hat','Non'),(695,174,'Ubuntu','Non'),(696,174,'Mandriva','Non'),(697,175,'Debian','Oui'),(698,175,'SUSE','Non'),(699,175,'Red Hat','Non'),(700,175,'Ubuntu','Non'),(701,176,'Cuba','Oui'),(702,176,'Le Venezuela','Non'),(703,176,'Le Kenya','Non'),(704,176,'La Finlande','Non'),(705,177,'Larry Ewing','Oui'),(706,177,'Jeffrey Lynch','Non'),(707,177,'Rob Janoff','Non'),(708,177,'Wes Wilson','Non'),(709,178,'Quake III Arena','Oui'),(710,178,'Super Mario Kart','Non'),(711,178,'Zelda','Non'),(712,178,'Splinter Cell','Non'),(713,179,'Pandora','Oui'),(714,179,'Game Gear','Non'),(715,179,'N-Gage','Non'),(716,179,'GP32','Non'),(717,180,'Freax','Oui'),(718,180,'Serval','Non'),(719,180,'Panther','Non'),(720,180,'Longhorn','Non'),(721,181,'6','Oui'),(722,181,'4','Non'),(723,181,'1','Non'),(724,181,'10','Non'),(725,182,'Le lapin','Oui'),(726,182,'Le blaireau','Non'),(727,182,'L\'éléphant','Non'),(728,182,'La girafe','Non'),(729,183,'Rubis','Oui'),(730,183,'Émeraude','Non'),(731,183,'Platine','Non'),(732,183,'Rouge Feu','Non'),(733,184,'Feu / Vol','Oui'),(734,184,'Vol / Dragon','Non'),(735,184,'Feu / Dragon','Non'),(736,184,'Feu / Combat','Non'),(737,185,'Sacha','Oui'),(738,185,'Pierre','Non'),(739,185,'Jacky','Non'),(740,185,'Florent','Non'),(741,186,'Monstres de poche','Oui'),(742,186,'Petit animal','Non'),(743,186,'Chasse aux dragons','Non'),(744,186,'Mega pouvoirs','Non'),(745,187,'10 ans','Oui'),(746,187,'9 ans','Non'),(747,187,'11 ans','Non'),(748,187,'12 ans','Non'),(749,188,'Souris','Oui'),(750,188,'ufs','Non'),(751,188,'Brebis','Non'),(752,188,'Chiots','Non'),(753,189,'Une spirale','Oui'),(754,189,'Un carré','Non'),(755,189,'Une étoile','Non'),(756,189,'Un cercle','Non'),(757,190,'Capsule Monsters','Oui'),(758,190,'Mega Monsters','Non'),(759,190,'Red Balls','Non'),(760,190,'Sacha\'s Quest','Non'),(761,191,'Verte','Oui'),(762,191,'Jaune','Non'),(763,191,'Rouge','Non'),(764,191,'Bleue','Non'),(765,192,'Osselait','Oui'),(766,192,'Evoli','Non'),(767,192,'Ludicolo','Non'),(768,192,'Eoko','Non'),(769,193,'Un poireau','Oui'),(770,193,'Un artichaut','Non'),(771,193,'Une carotte','Non'),(772,193,'Du persil','Non'),(773,194,'Des criquets','Oui'),(774,194,'Des souris','Non'),(775,194,'Des coqs','Non'),(776,194,'Des escargots','Non'),(777,195,'2 fois','Oui'),(778,195,'1 fois','Non'),(779,195,'3 fois','Non'),(780,195,'4 fois','Non'),(781,196,'Giovanni','Oui'),(782,196,'Max','Non'),(783,196,'Hélio','Non'),(784,196,'Sacha','Non'),(785,197,'Pikachu','Oui'),(786,197,'Osselait','Non'),(787,197,'Smogo','Non'),(788,197,'Canarticho','Non'),(789,198,'Du Japon','Oui'),(790,198,'De l\'Inde','Non'),(791,198,'De la Chine','Non'),(792,198,'Du Canada','Non'),(793,199,'Bleue','Oui'),(794,199,'Rouge','Non'),(795,199,'Jaune','Non'),(796,199,'Argent','Non'),(797,200,'Dévastation','Oui'),(798,200,'Désolation','Non'),(799,200,'Solarisation','Non'),(800,200,'Déforestation','Non'),(801,201,'Ossatueur','Oui'),(802,201,'Fantominus','Non'),(803,201,'Smogo','Non'),(804,201,'Spectrum','Non'),(805,202,'Kika','Oui'),(806,202,'Oran','Non'),(807,202,'Wiki','Non'),(808,202,'Sitrus','Non'),(809,203,'Bruce Lee','Oui'),(810,203,'Jackie Chan','Non'),(811,203,'Hong Xiguan','Non'),(812,203,'Yang Luchan','Non'),(813,204,'Le tapir','Oui'),(814,204,'L\'éléphant','Non'),(815,204,'Le koala','Non'),(816,204,'Le serpent','Non'),(817,205,'Rhinoféros','Oui'),(818,205,'Melofée','Non'),(819,205,'Pikachu','Non'),(820,205,'Lugia','Non'),(821,206,'Arceus','Oui'),(822,206,'Giratina','Non'),(823,206,'Palkia','Non'),(824,206,'Dialga','Non'),(825,207,'Mew','Oui'),(826,207,'Alakazam','Non'),(827,207,'Ectoplasma','Non'),(828,207,'Arceus','Non'),(829,208,'Bulbizarre','Oui'),(830,208,'Carapuce','Non'),(831,208,'Salamèche','Non'),(832,208,'Chenipan','Non'),(833,209,'Melofée','Oui'),(834,209,'Pikachu','Non'),(835,209,'Bulbizarre','Non'),(836,209,'Mew','Non'),(837,210,'25 et 52','Oui'),(838,210,'12 et 21','Non'),(839,210,'32 et 223','Non'),(840,210,'47 et 74','Non'),(841,211,'Rouge','Oui'),(842,211,'Verte','Non'),(843,211,'Bleue','Non'),(844,211,'Jaune','Non'),(845,212,'Miami','Oui'),(846,212,'New York','Non'),(847,212,'Las Vegas','Non'),(848,212,'Los Angeles','Non'),(849,213,'Charlie','Oui'),(850,213,'Bosley','Non'),(851,213,'Michael','Non'),(852,213,'Tatoo','Non'),(853,214,'Barracuda','Oui'),(854,214,'Hannibal','Non'),(855,214,'Futé','Non'),(856,214,'Looping','Non'),(857,215,'Hugh Laurie','Oui'),(858,215,'Thomas Sarbacher','Non'),(859,215,'Matthew Fox','Non'),(860,215,'Kiefer Sutherland','Non'),(861,216,'Samantha','Oui'),(862,216,'Endora','Non'),(863,216,'Tabatha','Non'),(864,216,'Esmeralda','Non'),(865,217,'Prison Break','Oui'),(866,217,'Dr House','Non'),(867,217,'Lost','Non'),(868,217,'Friends','Non'),(869,218,'Dr Douglas Ross','Oui'),(870,218,'Dr Mark Green','Non'),(871,218,'Dr John Carter','Non'),(872,218,'Dr Dylan Creed','Non'),(873,219,'Walnut Grove','Oui'),(874,219,'Dakota Springs','Non'),(875,219,'Ingalls Valley','Non'),(876,219,'Sailor Fields','Non'),(877,220,'Matt','Oui'),(878,220,'Chandler','Non'),(879,220,'Joey','Non'),(880,220,'Ross','Non'),(881,221,'Kitt','Oui'),(882,221,'Kate','Non'),(883,221,'Kytie','Non'),(884,221,'Katy','Non'),(885,222,'Tori Spelling','Oui'),(886,222,'Jenny Garth','Non'),(887,222,'Hillary Swank','Non'),(888,222,'Carol Potter','Non'),(889,223,'Esprits criminels','Oui'),(890,223,'Person of Interest','Non'),(891,223,'Mentalist','Non'),(892,223,'The Walking Dead','Non'),(893,224,'Prue','Oui'),(894,224,'Piper','Non'),(895,224,'Buffy','Non'),(896,224,'Paige','Non'),(897,225,'Smallville','Oui'),(898,225,'Le Caméléon','Non'),(899,225,'Profiler','Non'),(900,225,'Stargate','Non'),(901,226,'Rousse','Oui'),(902,226,'Brune','Non'),(903,226,'Blonde','Non'),(904,226,'Noire','Non'),(905,227,'Six','Oui'),(906,227,'Huit','Non'),(907,227,'Quatre','Non'),(908,227,'Deux','Non'),(909,228,'Pacey','Oui'),(910,228,'Joey','Non'),(911,228,'Jack','Non'),(912,228,'Dan','Non'),(913,229,'Arabesque','Oui'),(914,229,'Friends','Non'),(915,229,'Médicopter','Non'),(916,229,'Urgences','Non'),(917,230,'Fairview','Oui'),(918,230,'Wisteria','Non'),(919,230,'Los Angeles','Non'),(920,230,'Chicago','Non'),(921,231,'Basset','Oui'),(922,231,'Beagle','Non'),(923,231,'Bichon','Non'),(924,231,'Barbet','Non'),(925,232,'Martin Sheen','Oui'),(926,232,'Rob Lowe','Non'),(927,232,'John Spencer','Non'),(928,232,'Gary Cole','Non'),(929,233,'Katherine Heigl','Oui'),(930,233,'Shiri Appleby','Non'),(931,233,'Majandra Delfino','Non'),(932,233,'Poppy Montgomery','Non'),(933,234,'Samantha','Oui'),(934,234,'Sarah','Non'),(935,234,'Ann','Non'),(936,234,'Catherine','Non'),(937,235,'Les Klingons','Oui'),(938,235,'Les Romuliens','Non'),(939,235,'Les Vulcains','Non'),(940,235,'Les Sylvidres','Non'),(941,236,'Un passeport','Oui'),(942,236,'Un briquet','Non'),(943,236,'Un couteau suisse','Non'),(944,236,'Un gant de cuir','Non'),(945,237,'J.J. Abrams','Oui'),(946,237,'J.J. Lionel','Non'),(947,237,'J.J. Morgan','Non'),(948,237,'J.J. Williams','Non'),(949,238,'Lucy Liu','Oui'),(950,238,'Linda Fiorentino','Non'),(951,238,'Sarah Jessica Parker','Non'),(952,238,'Calista Flockhart','Non'),(953,239,'Le basket-ball','Oui'),(954,239,'Le baseball','Non'),(955,239,'Le hokey','Non'),(956,239,'Le football','Non'),(957,240,'Summers','Oui'),(958,240,'Rogers','Non'),(959,240,'Sandres','Non'),(960,240,'Bouwers','Non'),(961,241,'Baie des Anges','Oui'),(962,241,'Baie des Canards','Non'),(963,241,'Baie des Dieux','Non'),(964,241,'Baie des Requins','Non'),(965,242,'Rio de Janeiro','Oui'),(966,242,'Salvador','Non'),(967,242,'Recife','Non'),(968,242,'Belo Horizonte','Non'),(969,243,'François Truffaut','Oui'),(970,243,'Jean-Luc Godard','Non'),(971,243,'Jacques Demy','Non'),(972,243,'Claude Chabrol','Non'),(973,244,'Rose','Oui'),(974,244,'Verte','Non'),(975,244,'Bleue','Non'),(976,244,'Jaune','Non'),(977,245,'Brice','Oui'),(978,245,'Joris','Non'),(979,245,'Mathis','Non'),(980,245,'Loris','Non'),(981,246,'1','Oui'),(982,246,'3','Non'),(983,246,'5','Non'),(984,246,'7','Non'),(985,247,'Café de Turin','Oui'),(986,247,'Café de Naples','Non'),(987,247,'Café de Florence','Non'),(988,247,'Café de Milan','Non'),(989,248,'Deux','Oui'),(990,248,'Quatre','Non'),(991,248,'Six','Non'),(992,248,'Huit','Non'),(993,249,'Mars','Oui'),(994,249,'Juillet','Non'),(995,249,'Mai','Non'),(996,249,'Septembre','Non'),(997,250,'Auguste Renoir','Oui'),(998,250,'Claude Monet','Non'),(999,250,'Antoine Watteau','Non'),(1000,250,'Pablo Picasso','Non'),(1001,251,'De morue','Oui'),(1002,251,'De thon','Non'),(1003,251,'De crevette','Non'),(1004,251,'De sardine','Non'),(1005,252,'Nice-Arénas','Oui'),(1006,252,'Nice-Ville','Non'),(1007,252,'Nice-CP','Non'),(1008,252,'Nice Saint-Augustin','Non'),(1009,253,'9 km','Oui'),(1010,253,'19 km','Non'),(1011,253,'29 km','Non'),(1012,253,'39 km','Non'),(1013,254,'Sainte-Rita','Oui'),(1014,254,'Sainte-Anne','Non'),(1015,254,'Sainte-Carmen','Non'),(1016,254,'Sainte-Cécile','Non'),(1017,255,'Au 37','Oui'),(1018,255,'Au 17','Non'),(1019,255,'Au 27','Non'),(1020,255,'Au 47','Non'),(1021,256,'Sonny Andreson','Oui'),(1022,256,'Just Fontaine','Non'),(1023,256,'Jacques Abardonado','Non'),(1024,256,'Hugo Lloris','Non'),(1025,257,'Gourdon','Oui'),(1026,257,'Gairaut','Non'),(1027,257,'Valrose','Non'),(1028,257,'L\'Anglais','Non'),(1029,258,'Bleus','Oui'),(1030,258,'Blancs','Non'),(1031,258,'Noirs','Non'),(1032,258,'Rouges','Non'),(1033,259,'Villa des Arènes','Oui'),(1034,259,'Villa Gillet','Non'),(1035,259,'Villa Marlioz','Non'),(1036,259,'Villa Florentine','Non'),(1037,260,'Nekfeu','Oui'),(1038,260,'Booba','Non'),(1039,260,'Joey Starr','Non'),(1040,260,'Kaaris','Non'),(1041,261,'En 2004','Oui'),(1042,261,'En 2014','Non'),(1043,261,'En 1994','Non'),(1044,261,'En 1984','Non'),(1045,262,'Louis Nucréa','Oui'),(1046,262,'Jean-Claude Lattès','Non'),(1047,262,'Jacques Barbéri','Non'),(1048,262,'Charles Calais','Non'),(1049,263,'Menica Rondelly','Oui'),(1050,263,'Jorgi Tasso','Non'),(1051,263,'Michel Grisolia','Non'),(1052,263,'Claude Ber','Non'),(1053,264,'Le Magnan','Oui'),(1054,264,'Le Sée','Non'),(1055,264,'Le Golo','Non'),(1056,264,'L\'Arques','Non'),(1057,265,'Le Paillon','Oui'),(1058,265,'La Durdent','Non'),(1059,265,'Le Nez','Non'),(1060,265,'La Scie','Non'),(1061,266,'Anatole Jakovsky','Oui'),(1062,266,'Antonio Ligabue','Non'),(1063,266,'André Bauchant','Non'),(1064,266,'Ferdinand Desnos','Non'),(1065,267,'Angers','Oui'),(1066,267,'Reims','Non'),(1067,267,'Tours','Non'),(1068,267,'Lyon','Non'),(1069,268,'Grotte du Lazaret','Oui'),(1070,268,'Grotte de la Balme','Non'),(1071,268,'Grotte Chauvet','Non'),(1072,268,'Grotte de Clamouse','Non'),(1073,269,'Néo-mauresque','Oui'),(1074,269,'Constructiviste','Non'),(1075,269,'Romano-byzantin','Non'),(1076,269,'Gothique','Non'),(1077,270,'Tête Carrée','Oui'),(1078,270,'Pied Rond','Non'),(1079,270,'Dos Courbé','Non'),(1080,270,'Main Plate','Non');
/*!40000 ALTER TABLE `reponse` ENABLE KEYS */;
UNLOCK TABLES;

--
-- Table structure for table `user`
--

DROP TABLE IF EXISTS `user`;
/*!40101 SET @saved_cs_client     = @@character_set_client */;
/*!40101 SET character_set_client = utf8 */;
CREATE TABLE `user` (
  `id` int(11) NOT NULL AUTO_INCREMENT,
  `username` varchar(180) COLLATE utf8_unicode_ci NOT NULL,
  `username_canonical` varchar(180) COLLATE utf8_unicode_ci NOT NULL,
  `email` varchar(180) COLLATE utf8_unicode_ci NOT NULL,
  `email_canonical` varchar(180) COLLATE utf8_unicode_ci NOT NULL,
  `enabled` tinyint(1) NOT NULL,
  `salt` varchar(255) COLLATE utf8_unicode_ci DEFAULT NULL,
  `password` varchar(255) COLLATE utf8_unicode_ci NOT NULL,
  `last_login` datetime DEFAULT NULL,
  `confirmation_token` varchar(180) COLLATE utf8_unicode_ci DEFAULT NULL,
  `password_requested_at` datetime DEFAULT NULL,
  `roles` longtext COLLATE utf8_unicode_ci NOT NULL COMMENT '(DC2Type:array)',
  PRIMARY KEY (`id`),
  UNIQUE KEY `UNIQ_8D93D64992FC23A8` (`username_canonical`),
  UNIQUE KEY `UNIQ_8D93D649A0D96FBF` (`email_canonical`),
  UNIQUE KEY `UNIQ_8D93D649C05FB297` (`confirmation_token`)
) ENGINE=InnoDB AUTO_INCREMENT=2 DEFAULT CHARSET=utf8 COLLATE=utf8_unicode_ci;
/*!40101 SET character_set_client = @saved_cs_client */;

--
-- Dumping data for table `user`
--

LOCK TABLES `user` WRITE;
/*!40000 ALTER TABLE `user` DISABLE KEYS */;
INSERT INTO `user` VALUES (1,'toto','toto','pouet@toto.com','pouet@toto.com',1,'lo79cIJG1fhncFjeOwrNDBSsgkrqW/hHciadDtBWKlE','2yihhqyhOQdPOQ1x8dSIS8O12lHGQTmFgaAZmhZo/P4gjGvH5LmcQZKyA1/5Rofd6qG1Wq7LUB/AtLOV4mRoJg==','2017-04-27 17:48:24',NULL,NULL,'a:0:{}');
/*!40000 ALTER TABLE `user` ENABLE KEYS */;
UNLOCK TABLES;
/*!40103 SET TIME_ZONE=@OLD_TIME_ZONE */;

/*!40101 SET SQL_MODE=@OLD_SQL_MODE */;
/*!40014 SET FOREIGN_KEY_CHECKS=@OLD_FOREIGN_KEY_CHECKS */;
/*!40014 SET UNIQUE_CHECKS=@OLD_UNIQUE_CHECKS */;
/*!40101 SET CHARACTER_SET_CLIENT=@OLD_CHARACTER_SET_CLIENT */;
/*!40101 SET CHARACTER_SET_RESULTS=@OLD_CHARACTER_SET_RESULTS */;
/*!40101 SET COLLATION_CONNECTION=@OLD_COLLATION_CONNECTION */;
/*!40111 SET SQL_NOTES=@OLD_SQL_NOTES */;

-- Dump completed on 2017-04-28  1:31:12
